PRAGMA foreign_keys=OFF;
BEGIN TRANSACTION;
CREATE TABLE IF NOT EXISTS "django_migrations" ("id" integer NOT NULL PRIMARY KEY AUTOINCREMENT, "app" varchar(255) NOT NULL, "name" varchar(255) NOT NULL, "applied" datetime NOT NULL);
INSERT INTO django_migrations VALUES(1,'contenttypes','0001_initial','2020-01-28 07:12:25.141956');
INSERT INTO django_migrations VALUES(2,'auth','0001_initial','2020-01-28 07:12:25.168555');
INSERT INTO django_migrations VALUES(3,'admin','0001_initial','2020-01-28 07:12:25.189257');
INSERT INTO django_migrations VALUES(4,'admin','0002_logentry_remove_auto_add','2020-01-28 07:12:25.208862');
INSERT INTO django_migrations VALUES(5,'admin','0003_logentry_add_action_flag_choices','2020-01-28 07:12:25.241561');
INSERT INTO django_migrations VALUES(6,'contenttypes','0002_remove_content_type_name','2020-01-28 07:12:25.269971');
INSERT INTO django_migrations VALUES(7,'auth','0002_alter_permission_name_max_length','2020-01-28 07:12:25.297577');
INSERT INTO django_migrations VALUES(8,'auth','0003_alter_user_email_max_length','2020-01-28 07:12:25.316096');
INSERT INTO django_migrations VALUES(9,'auth','0004_alter_user_username_opts','2020-01-28 07:12:25.335865');
INSERT INTO django_migrations VALUES(10,'auth','0005_alter_user_last_login_null','2020-01-28 07:12:25.353775');
INSERT INTO django_migrations VALUES(11,'auth','0006_require_contenttypes_0002','2020-01-28 07:12:25.364675');
INSERT INTO django_migrations VALUES(12,'auth','0007_alter_validators_add_error_messages','2020-01-28 07:12:25.382828');
INSERT INTO django_migrations VALUES(13,'auth','0008_alter_user_username_max_length','2020-01-28 07:12:25.400915');
INSERT INTO django_migrations VALUES(14,'auth','0009_alter_user_last_name_max_length','2020-01-28 07:12:25.419837');
INSERT INTO django_migrations VALUES(15,'auth','0010_alter_group_name_max_length','2020-01-28 07:12:25.436601');
INSERT INTO django_migrations VALUES(16,'auth','0011_update_proxy_permissions','2020-01-28 07:12:25.453315');
INSERT INTO django_migrations VALUES(17,'wagtailcore','0001_initial','2020-01-28 07:12:25.568490');
INSERT INTO django_migrations VALUES(18,'wagtailcore','0002_initial_data','2020-01-28 07:12:25.568803');
INSERT INTO django_migrations VALUES(19,'wagtailcore','0003_add_uniqueness_constraint_on_group_page_permission','2020-01-28 07:12:25.569050');
INSERT INTO django_migrations VALUES(20,'wagtailcore','0004_page_locked','2020-01-28 07:12:25.569295');
INSERT INTO django_migrations VALUES(21,'wagtailcore','0005_add_page_lock_permission_to_moderators','2020-01-28 07:12:25.569566');
INSERT INTO django_migrations VALUES(22,'wagtailcore','0006_add_lock_page_permission','2020-01-28 07:12:25.569806');
INSERT INTO django_migrations VALUES(23,'wagtailcore','0007_page_latest_revision_created_at','2020-01-28 07:12:25.570042');
INSERT INTO django_migrations VALUES(24,'wagtailcore','0008_populate_latest_revision_created_at','2020-01-28 07:12:25.570280');
INSERT INTO django_migrations VALUES(25,'wagtailcore','0009_remove_auto_now_add_from_pagerevision_created_at','2020-01-28 07:12:25.570545');
INSERT INTO django_migrations VALUES(26,'wagtailcore','0010_change_page_owner_to_null_on_delete','2020-01-28 07:12:25.570784');
INSERT INTO django_migrations VALUES(27,'wagtailcore','0011_page_first_published_at','2020-01-28 07:12:25.571017');
INSERT INTO django_migrations VALUES(28,'wagtailcore','0012_extend_page_slug_field','2020-01-28 07:12:25.571252');
INSERT INTO django_migrations VALUES(29,'wagtailcore','0013_update_golive_expire_help_text','2020-01-28 07:12:25.571527');
INSERT INTO django_migrations VALUES(30,'wagtailcore','0014_add_verbose_name','2020-01-28 07:12:25.571768');
INSERT INTO django_migrations VALUES(31,'wagtailcore','0015_add_more_verbose_names','2020-01-28 07:12:25.572001');
INSERT INTO django_migrations VALUES(32,'wagtailcore','0016_change_page_url_path_to_text_field','2020-01-28 07:12:25.572233');
INSERT INTO django_migrations VALUES(33,'wagtailcore','0017_change_edit_page_permission_description','2020-01-28 07:12:25.595157');
INSERT INTO django_migrations VALUES(34,'wagtailcore','0018_pagerevision_submitted_for_moderation_index','2020-01-28 07:12:25.617774');
INSERT INTO django_migrations VALUES(35,'wagtailcore','0019_verbose_names_cleanup','2020-01-28 07:12:25.669145');
INSERT INTO django_migrations VALUES(36,'wagtailcore','0020_add_index_on_page_first_published_at','2020-01-28 07:12:25.692409');
INSERT INTO django_migrations VALUES(37,'wagtailcore','0021_capitalizeverbose','2020-01-28 07:12:26.138731');
INSERT INTO django_migrations VALUES(38,'wagtailcore','0022_add_site_name','2020-01-28 07:12:26.159132');
INSERT INTO django_migrations VALUES(39,'wagtailcore','0023_alter_page_revision_on_delete_behaviour','2020-01-28 07:12:26.180369');
INSERT INTO django_migrations VALUES(40,'wagtailcore','0024_collection','2020-01-28 07:12:26.194050');
INSERT INTO django_migrations VALUES(41,'wagtailcore','0025_collection_initial_data','2020-01-28 07:12:26.215828');
INSERT INTO django_migrations VALUES(42,'wagtailcore','0026_group_collection_permission','2020-01-28 07:12:26.243620');
INSERT INTO django_migrations VALUES(43,'wagtailcore','0027_fix_collection_path_collation','2020-01-28 07:12:26.265091');
INSERT INTO django_migrations VALUES(44,'wagtailcore','0024_alter_page_content_type_on_delete_behaviour','2020-01-28 07:12:26.289942');
INSERT INTO django_migrations VALUES(45,'wagtailcore','0028_merge','2020-01-28 07:12:26.301880');
INSERT INTO django_migrations VALUES(46,'wagtailcore','0029_unicode_slugfield_dj19','2020-01-28 07:12:26.330864');
INSERT INTO django_migrations VALUES(47,'wagtailcore','0030_index_on_pagerevision_created_at','2020-01-28 07:12:26.352220');
INSERT INTO django_migrations VALUES(48,'wagtailcore','0031_add_page_view_restriction_types','2020-01-28 07:12:26.395261');
INSERT INTO django_migrations VALUES(49,'wagtailcore','0032_add_bulk_delete_page_permission','2020-01-28 07:12:26.418392');
INSERT INTO django_migrations VALUES(50,'wagtailcore','0033_remove_golive_expiry_help_text','2020-01-28 07:12:26.470935');
INSERT INTO django_migrations VALUES(51,'wagtailcore','0034_page_live_revision','2020-01-28 07:12:26.495371');
INSERT INTO django_migrations VALUES(52,'wagtailcore','0035_page_last_published_at','2020-01-28 07:12:26.519503');
INSERT INTO django_migrations VALUES(53,'wagtailcore','0036_populate_page_last_published_at','2020-01-28 07:12:26.541977');
INSERT INTO django_migrations VALUES(54,'wagtailcore','0037_set_page_owner_editable','2020-01-28 07:12:26.566969');
INSERT INTO django_migrations VALUES(55,'wagtailcore','0038_make_first_published_at_editable','2020-01-28 07:12:26.591248');
INSERT INTO django_migrations VALUES(56,'wagtailcore','0039_collectionviewrestriction','2020-01-28 07:12:26.630205');
INSERT INTO django_migrations VALUES(57,'wagtailcore','0040_page_draft_title','2020-01-28 07:12:26.666846');
INSERT INTO django_migrations VALUES(58,'wagtailcore','0041_group_collection_permissions_verbose_name_plural','2020-01-28 07:12:26.687350');
INSERT INTO django_migrations VALUES(59,'taggit','0001_initial','2020-01-28 07:12:26.714708');
INSERT INTO django_migrations VALUES(60,'taggit','0002_auto_20150616_2121','2020-01-28 07:12:26.732230');
INSERT INTO django_migrations VALUES(61,'wagtailimages','0001_initial','2020-01-28 07:12:26.821202');
INSERT INTO django_migrations VALUES(62,'wagtailimages','0002_initial_data','2020-01-28 07:12:26.821577');
INSERT INTO django_migrations VALUES(63,'wagtailimages','0003_fix_focal_point_fields','2020-01-28 07:12:26.821870');
INSERT INTO django_migrations VALUES(64,'wagtailimages','0004_make_focal_point_key_not_nullable','2020-01-28 07:12:26.822138');
INSERT INTO django_migrations VALUES(65,'wagtailimages','0005_make_filter_spec_unique','2020-01-28 07:12:26.822429');
INSERT INTO django_migrations VALUES(66,'wagtailimages','0006_add_verbose_names','2020-01-28 07:12:26.822696');
INSERT INTO django_migrations VALUES(67,'wagtailimages','0007_image_file_size','2020-01-28 07:12:26.822955');
INSERT INTO django_migrations VALUES(68,'wagtailimages','0008_image_created_at_index','2020-01-28 07:12:26.823215');
INSERT INTO django_migrations VALUES(69,'wagtailimages','0009_capitalizeverbose','2020-01-28 07:12:26.823518');
INSERT INTO django_migrations VALUES(70,'wagtailimages','0010_change_on_delete_behaviour','2020-01-28 07:12:26.823779');
INSERT INTO django_migrations VALUES(71,'wagtailimages','0011_image_collection','2020-01-28 07:12:26.824036');
INSERT INTO django_migrations VALUES(72,'wagtailimages','0012_copy_image_permissions_to_collections','2020-01-28 07:12:26.824291');
INSERT INTO django_migrations VALUES(73,'wagtailimages','0013_make_rendition_upload_callable','2020-01-28 07:12:26.824589');
INSERT INTO django_migrations VALUES(74,'wagtailimages','0014_add_filter_spec_field','2020-01-28 07:12:26.824848');
INSERT INTO django_migrations VALUES(75,'wagtailimages','0015_fill_filter_spec_field','2020-01-28 07:12:26.825113');
INSERT INTO django_migrations VALUES(76,'wagtailimages','0016_deprecate_rendition_filter_relation','2020-01-28 07:12:26.825397');
INSERT INTO django_migrations VALUES(77,'wagtailimages','0017_reduce_focal_point_key_max_length','2020-01-28 07:12:26.825661');
INSERT INTO django_migrations VALUES(78,'wagtailimages','0018_remove_rendition_filter','2020-01-28 07:12:26.825922');
INSERT INTO django_migrations VALUES(79,'wagtailimages','0019_delete_filter','2020-01-28 07:12:26.826179');
INSERT INTO django_migrations VALUES(80,'wagtailimages','0020_add-verbose-name','2020-01-28 07:12:26.826489');
INSERT INTO django_migrations VALUES(81,'wagtailimages','0021_image_file_hash','2020-01-28 07:12:26.826749');
INSERT INTO django_migrations VALUES(82,'coderedcms','0001_initial','2020-01-28 07:12:26.984962');
INSERT INTO django_migrations VALUES(83,'coderedcms','0002_auto_20180829_1538','2020-01-28 07:12:27.018675');
INSERT INTO django_migrations VALUES(84,'coderedcms','0003_auto_20180912_1632','2020-01-28 07:12:27.039743');
INSERT INTO django_migrations VALUES(85,'coderedcms','0004_auto_20181119_1507','2020-01-28 07:12:27.071133');
INSERT INTO django_migrations VALUES(86,'coderedcms','0005_auto_20181214_2214','2020-01-28 07:12:27.150734');
INSERT INTO django_migrations VALUES(87,'coderedcms','0006_mailchimpapisettings','2020-01-28 07:12:27.183660');
INSERT INTO django_migrations VALUES(88,'coderedcms','0007_auto_20190114_1515','2020-01-28 07:12:27.206805');
INSERT INTO django_migrations VALUES(89,'coderedcms','0008_auto_20190122_1242','2020-01-28 07:12:27.230193');
INSERT INTO django_migrations VALUES(90,'coderedcms','0009_auto_20190201_1546','2020-01-28 07:12:27.262220');
INSERT INTO django_migrations VALUES(91,'coderedcms','0010_remove_generalsettings_robots','2020-01-28 07:12:27.281399');
INSERT INTO django_migrations VALUES(92,'coderedcms','0010_generalsettings_email','2020-01-28 07:12:27.300766');
INSERT INTO django_migrations VALUES(93,'coderedcms','0011_merge_20190322_1309','2020-01-28 07:12:27.311949');
INSERT INTO django_migrations VALUES(94,'coderedcms','0010_auto_20190320_1231','2020-01-28 07:12:27.335897');
INSERT INTO django_migrations VALUES(95,'coderedcms','0012_merge_20190322_1324','2020-01-28 07:12:27.347274');
INSERT INTO django_migrations VALUES(96,'coderedcms','0013_pagepreview_templates','2020-01-28 07:12:27.383770');
INSERT INTO django_migrations VALUES(97,'coderedcms','0014_classifiers','2020-01-28 07:12:27.499033');
INSERT INTO django_migrations VALUES(98,'coderedcms','0015_coderedsessionformsubmission_coderedsubmissionrevision','2020-01-28 07:12:27.706013');
INSERT INTO django_migrations VALUES(99,'coderedcms','0016_auto_20191025_1620','2020-01-28 07:12:27.744260');
INSERT INTO django_migrations VALUES(100,'coderedcms','0017_generalsettings_external_new_tab','2020-01-28 07:12:27.763470');
INSERT INTO django_migrations VALUES(101,'sessions','0001_initial','2020-01-28 07:12:27.778653');
INSERT INTO django_migrations VALUES(102,'taggit','0003_taggeditem_add_unique_index','2020-01-28 07:12:27.805085');
INSERT INTO django_migrations VALUES(103,'wagtailadmin','0001_create_admin_access_permissions','2020-01-28 07:12:27.851644');
INSERT INTO django_migrations VALUES(104,'wagtaildocs','0001_initial','2020-01-28 07:12:27.884253');
INSERT INTO django_migrations VALUES(105,'wagtaildocs','0002_initial_data','2020-01-28 07:12:27.932933');
INSERT INTO django_migrations VALUES(106,'wagtaildocs','0003_add_verbose_names','2020-01-28 07:12:27.994740');
INSERT INTO django_migrations VALUES(107,'wagtaildocs','0004_capitalizeverbose','2020-01-28 07:12:28.101741');
INSERT INTO django_migrations VALUES(108,'wagtaildocs','0005_document_collection','2020-01-28 07:12:28.133635');
INSERT INTO django_migrations VALUES(109,'wagtaildocs','0006_copy_document_permissions_to_collections','2020-01-28 07:12:28.180501');
INSERT INTO django_migrations VALUES(110,'wagtaildocs','0005_alter_uploaded_by_user_on_delete_action','2020-01-28 07:12:28.211908');
INSERT INTO django_migrations VALUES(111,'wagtaildocs','0007_merge','2020-01-28 07:12:28.223029');
INSERT INTO django_migrations VALUES(112,'wagtaildocs','0008_document_file_size','2020-01-28 07:12:28.259130');
INSERT INTO django_migrations VALUES(113,'wagtaildocs','0009_document_verbose_name_plural','2020-01-28 07:12:28.285602');
INSERT INTO django_migrations VALUES(114,'wagtaildocs','0010_document_file_hash','2020-01-28 07:12:28.316178');
INSERT INTO django_migrations VALUES(115,'wagtailembeds','0001_initial','2020-01-28 07:12:28.333955');
INSERT INTO django_migrations VALUES(116,'wagtailembeds','0002_add_verbose_names','2020-01-28 07:12:28.348648');
INSERT INTO django_migrations VALUES(117,'wagtailembeds','0003_capitalizeverbose','2020-01-28 07:12:28.366279');
INSERT INTO django_migrations VALUES(118,'wagtailembeds','0004_embed_verbose_name_plural','2020-01-28 07:12:28.380916');
INSERT INTO django_migrations VALUES(119,'wagtailembeds','0005_specify_thumbnail_url_max_length','2020-01-28 07:12:28.397221');
INSERT INTO django_migrations VALUES(120,'wagtailforms','0001_initial','2020-01-28 07:12:28.427349');
INSERT INTO django_migrations VALUES(121,'wagtailforms','0002_add_verbose_names','2020-01-28 07:12:28.461410');
INSERT INTO django_migrations VALUES(122,'wagtailforms','0003_capitalizeverbose','2020-01-28 07:12:28.496531');
INSERT INTO django_migrations VALUES(123,'wagtailredirects','0001_initial','2020-01-28 07:12:28.534545');
INSERT INTO django_migrations VALUES(124,'wagtailredirects','0002_add_verbose_names','2020-01-28 07:12:28.588790');
INSERT INTO django_migrations VALUES(125,'wagtailredirects','0003_make_site_field_editable','2020-01-28 07:12:28.628635');
INSERT INTO django_migrations VALUES(126,'wagtailredirects','0004_set_unique_on_path_and_site','2020-01-28 07:12:28.673867');
INSERT INTO django_migrations VALUES(127,'wagtailredirects','0005_capitalizeverbose','2020-01-28 07:12:28.813210');
INSERT INTO django_migrations VALUES(128,'wagtailredirects','0006_redirect_increase_max_length','2020-01-28 07:12:28.844258');
INSERT INTO django_migrations VALUES(129,'wagtailsearch','0001_initial','2020-01-28 07:12:29.081610');
INSERT INTO django_migrations VALUES(130,'wagtailsearch','0002_add_verbose_names','2020-01-28 07:12:29.159760');
INSERT INTO django_migrations VALUES(131,'wagtailsearch','0003_remove_editors_pick','2020-01-28 07:12:29.199739');
INSERT INTO django_migrations VALUES(132,'wagtailsearch','0004_querydailyhits_verbose_name_plural','2020-01-28 07:12:29.214815');
INSERT INTO django_migrations VALUES(133,'wagtailusers','0001_initial','2020-01-28 07:12:29.250529');
INSERT INTO django_migrations VALUES(134,'wagtailusers','0002_add_verbose_name_on_userprofile','2020-01-28 07:12:29.301775');
INSERT INTO django_migrations VALUES(135,'wagtailusers','0003_add_verbose_names','2020-01-28 07:12:29.325152');
INSERT INTO django_migrations VALUES(136,'wagtailusers','0004_capitalizeverbose','2020-01-28 07:12:29.387821');
INSERT INTO django_migrations VALUES(137,'wagtailusers','0005_make_related_name_wagtail_specific','2020-01-28 07:12:29.424168');
INSERT INTO django_migrations VALUES(138,'wagtailusers','0006_userprofile_prefered_language','2020-01-28 07:12:29.464442');
INSERT INTO django_migrations VALUES(139,'wagtailusers','0007_userprofile_current_time_zone','2020-01-28 07:12:29.491023');
INSERT INTO django_migrations VALUES(140,'wagtailusers','0008_userprofile_avatar','2020-01-28 07:12:29.516157');
INSERT INTO django_migrations VALUES(141,'wagtailusers','0009_userprofile_verbose_name_plural','2020-01-28 07:12:29.538654');
INSERT INTO django_migrations VALUES(142,'website','0001_initial','2020-01-28 07:12:29.705186');
INSERT INTO django_migrations VALUES(143,'website','0002_initial_data','2020-01-28 07:12:29.776765');
INSERT INTO django_migrations VALUES(144,'wagtailimages','0001_squashed_0021','2020-01-28 07:12:29.789551');
INSERT INTO django_migrations VALUES(145,'wagtailcore','0001_squashed_0016_change_page_url_path_to_text_field','2020-01-28 07:12:29.800297');
CREATE TABLE IF NOT EXISTS "auth_group_permissions" ("id" integer NOT NULL PRIMARY KEY AUTOINCREMENT, "group_id" integer NOT NULL REFERENCES "auth_group" ("id") DEFERRABLE INITIALLY DEFERRED, "permission_id" integer NOT NULL REFERENCES "auth_permission" ("id") DEFERRABLE INITIALLY DEFERRED);
INSERT INTO auth_group_permissions VALUES(1,2,1);
INSERT INTO auth_group_permissions VALUES(2,2,2);
INSERT INTO auth_group_permissions VALUES(3,2,3);
INSERT INTO auth_group_permissions VALUES(4,1,1);
INSERT INTO auth_group_permissions VALUES(5,1,2);
INSERT INTO auth_group_permissions VALUES(6,1,3);
INSERT INTO auth_group_permissions VALUES(7,2,4);
INSERT INTO auth_group_permissions VALUES(8,1,4);
INSERT INTO auth_group_permissions VALUES(9,2,5);
INSERT INTO auth_group_permissions VALUES(10,2,6);
INSERT INTO auth_group_permissions VALUES(11,2,7);
INSERT INTO auth_group_permissions VALUES(12,1,5);
INSERT INTO auth_group_permissions VALUES(13,1,6);
INSERT INTO auth_group_permissions VALUES(14,1,7);
CREATE TABLE IF NOT EXISTS "auth_user_groups" ("id" integer NOT NULL PRIMARY KEY AUTOINCREMENT, "user_id" integer NOT NULL REFERENCES "auth_user" ("id") DEFERRABLE INITIALLY DEFERRED, "group_id" integer NOT NULL REFERENCES "auth_group" ("id") DEFERRABLE INITIALLY DEFERRED);
CREATE TABLE IF NOT EXISTS "auth_user_user_permissions" ("id" integer NOT NULL PRIMARY KEY AUTOINCREMENT, "user_id" integer NOT NULL REFERENCES "auth_user" ("id") DEFERRABLE INITIALLY DEFERRED, "permission_id" integer NOT NULL REFERENCES "auth_permission" ("id") DEFERRABLE INITIALLY DEFERRED);
CREATE TABLE IF NOT EXISTS "django_admin_log" ("id" integer NOT NULL PRIMARY KEY AUTOINCREMENT, "action_time" datetime NOT NULL, "object_id" text NULL, "object_repr" varchar(200) NOT NULL, "change_message" text NOT NULL, "content_type_id" integer NULL REFERENCES "django_content_type" ("id") DEFERRABLE INITIALLY DEFERRED, "user_id" integer NOT NULL REFERENCES "auth_user" ("id") DEFERRABLE INITIALLY DEFERRED, "action_flag" smallint unsigned NOT NULL CHECK ("action_flag" >= 0));
CREATE TABLE IF NOT EXISTS "django_content_type" ("id" integer NOT NULL PRIMARY KEY AUTOINCREMENT, "app_label" varchar(100) NOT NULL, "model" varchar(100) NOT NULL);
INSERT INTO django_content_type VALUES(1,'wagtailcore','page');
INSERT INTO django_content_type VALUES(2,'wagtailimages','image');
INSERT INTO django_content_type VALUES(3,'wagtailadmin','admin');
INSERT INTO django_content_type VALUES(4,'wagtaildocs','document');
INSERT INTO django_content_type VALUES(5,'website','webpage');
INSERT INTO django_content_type VALUES(6,'website','articleindexpage');
INSERT INTO django_content_type VALUES(7,'website','formpage');
INSERT INTO django_content_type VALUES(8,'website','formpagefield');
INSERT INTO django_content_type VALUES(9,'website','formconfirmemail');
INSERT INTO django_content_type VALUES(10,'website','articlepage');
INSERT INTO django_content_type VALUES(11,'coderedcms','adasettings');
INSERT INTO django_content_type VALUES(12,'coderedcms','analyticssettings');
INSERT INTO django_content_type VALUES(13,'coderedcms','carousel');
INSERT INTO django_content_type VALUES(14,'coderedcms','carouselslide');
INSERT INTO django_content_type VALUES(15,'coderedcms','coderedpage');
INSERT INTO django_content_type VALUES(16,'coderedcms','footer');
INSERT INTO django_content_type VALUES(17,'coderedcms','generalsettings');
INSERT INTO django_content_type VALUES(18,'coderedcms','layoutsettings');
INSERT INTO django_content_type VALUES(19,'coderedcms','navbar');
INSERT INTO django_content_type VALUES(20,'coderedcms','seosettings');
INSERT INTO django_content_type VALUES(21,'coderedcms','socialmediasettings');
INSERT INTO django_content_type VALUES(22,'coderedcms','contentwall');
INSERT INTO django_content_type VALUES(23,'coderedcms','reusablecontent');
INSERT INTO django_content_type VALUES(24,'coderedcms','googleapisettings');
INSERT INTO django_content_type VALUES(25,'coderedcms','coderedtag');
INSERT INTO django_content_type VALUES(26,'coderedcms','mailchimpapisettings');
INSERT INTO django_content_type VALUES(27,'coderedcms','classifier');
INSERT INTO django_content_type VALUES(28,'coderedcms','classifierterm');
INSERT INTO django_content_type VALUES(29,'coderedcms','coderedsubmissionrevision');
INSERT INTO django_content_type VALUES(30,'coderedcms','coderedsessionformsubmission');
INSERT INTO django_content_type VALUES(31,'taggit','tag');
INSERT INTO django_content_type VALUES(32,'taggit','taggeditem');
INSERT INTO django_content_type VALUES(33,'wagtailforms','formsubmission');
INSERT INTO django_content_type VALUES(34,'wagtailredirects','redirect');
INSERT INTO django_content_type VALUES(35,'wagtailembeds','embed');
INSERT INTO django_content_type VALUES(36,'wagtailusers','userprofile');
INSERT INTO django_content_type VALUES(37,'wagtailimages','rendition');
INSERT INTO django_content_type VALUES(38,'wagtailsearch','query');
INSERT INTO django_content_type VALUES(39,'wagtailsearch','querydailyhits');
INSERT INTO django_content_type VALUES(40,'wagtailcore','grouppagepermission');
INSERT INTO django_content_type VALUES(41,'wagtailcore','pagerevision');
INSERT INTO django_content_type VALUES(42,'wagtailcore','pageviewrestriction');
INSERT INTO django_content_type VALUES(43,'wagtailcore','site');
INSERT INTO django_content_type VALUES(44,'wagtailcore','collection');
INSERT INTO django_content_type VALUES(45,'wagtailcore','groupcollectionpermission');
INSERT INTO django_content_type VALUES(46,'wagtailcore','collectionviewrestriction');
INSERT INTO django_content_type VALUES(47,'admin','logentry');
INSERT INTO django_content_type VALUES(48,'auth','permission');
INSERT INTO django_content_type VALUES(49,'auth','group');
INSERT INTO django_content_type VALUES(50,'auth','user');
INSERT INTO django_content_type VALUES(51,'contenttypes','contenttype');
INSERT INTO django_content_type VALUES(52,'sessions','session');
CREATE TABLE IF NOT EXISTS "auth_permission" ("id" integer NOT NULL PRIMARY KEY AUTOINCREMENT, "content_type_id" integer NOT NULL REFERENCES "django_content_type" ("id") DEFERRABLE INITIALLY DEFERRED, "codename" varchar(100) NOT NULL, "name" varchar(255) NOT NULL);
INSERT INTO auth_permission VALUES(1,2,'add_image','Can add image');
INSERT INTO auth_permission VALUES(2,2,'change_image','Can change image');
INSERT INTO auth_permission VALUES(3,2,'delete_image','Can delete image');
INSERT INTO auth_permission VALUES(4,3,'access_admin','Can access Wagtail admin');
INSERT INTO auth_permission VALUES(5,4,'add_document','Can add document');
INSERT INTO auth_permission VALUES(6,4,'change_document','Can change document');
INSERT INTO auth_permission VALUES(7,4,'delete_document','Can delete document');
INSERT INTO auth_permission VALUES(8,6,'add_articleindexpage','Can add Article Landing Page');
INSERT INTO auth_permission VALUES(9,6,'change_articleindexpage','Can change Article Landing Page');
INSERT INTO auth_permission VALUES(10,6,'delete_articleindexpage','Can delete Article Landing Page');
INSERT INTO auth_permission VALUES(11,6,'view_articleindexpage','Can view Article Landing Page');
INSERT INTO auth_permission VALUES(12,7,'add_formpage','Can add Form');
INSERT INTO auth_permission VALUES(13,7,'change_formpage','Can change Form');
INSERT INTO auth_permission VALUES(14,7,'delete_formpage','Can delete Form');
INSERT INTO auth_permission VALUES(15,7,'view_formpage','Can view Form');
INSERT INTO auth_permission VALUES(16,5,'add_webpage','Can add Web Page');
INSERT INTO auth_permission VALUES(17,5,'change_webpage','Can change Web Page');
INSERT INTO auth_permission VALUES(18,5,'delete_webpage','Can delete Web Page');
INSERT INTO auth_permission VALUES(19,5,'view_webpage','Can view Web Page');
INSERT INTO auth_permission VALUES(20,8,'add_formpagefield','Can add form page field');
INSERT INTO auth_permission VALUES(21,8,'change_formpagefield','Can change form page field');
INSERT INTO auth_permission VALUES(22,8,'delete_formpagefield','Can delete form page field');
INSERT INTO auth_permission VALUES(23,8,'view_formpagefield','Can view form page field');
INSERT INTO auth_permission VALUES(24,9,'add_formconfirmemail','Can add CodeRed Email');
INSERT INTO auth_permission VALUES(25,9,'change_formconfirmemail','Can change CodeRed Email');
INSERT INTO auth_permission VALUES(26,9,'delete_formconfirmemail','Can delete CodeRed Email');
INSERT INTO auth_permission VALUES(27,9,'view_formconfirmemail','Can view CodeRed Email');
INSERT INTO auth_permission VALUES(28,10,'add_articlepage','Can add Article');
INSERT INTO auth_permission VALUES(29,10,'change_articlepage','Can change Article');
INSERT INTO auth_permission VALUES(30,10,'delete_articlepage','Can delete Article');
INSERT INTO auth_permission VALUES(31,10,'view_articlepage','Can view Article');
INSERT INTO auth_permission VALUES(32,11,'add_adasettings','Can add Accessibility');
INSERT INTO auth_permission VALUES(33,11,'change_adasettings','Can change Accessibility');
INSERT INTO auth_permission VALUES(34,11,'delete_adasettings','Can delete Accessibility');
INSERT INTO auth_permission VALUES(35,11,'view_adasettings','Can view Accessibility');
INSERT INTO auth_permission VALUES(36,12,'add_analyticssettings','Can add Tracking');
INSERT INTO auth_permission VALUES(37,12,'change_analyticssettings','Can change Tracking');
INSERT INTO auth_permission VALUES(38,12,'delete_analyticssettings','Can delete Tracking');
INSERT INTO auth_permission VALUES(39,12,'view_analyticssettings','Can view Tracking');
INSERT INTO auth_permission VALUES(40,13,'add_carousel','Can add Carousel');
INSERT INTO auth_permission VALUES(41,13,'change_carousel','Can change Carousel');
INSERT INTO auth_permission VALUES(42,13,'delete_carousel','Can delete Carousel');
INSERT INTO auth_permission VALUES(43,13,'view_carousel','Can view Carousel');
INSERT INTO auth_permission VALUES(44,14,'add_carouselslide','Can add Carousel Slide');
INSERT INTO auth_permission VALUES(45,14,'change_carouselslide','Can change Carousel Slide');
INSERT INTO auth_permission VALUES(46,14,'delete_carouselslide','Can delete Carousel Slide');
INSERT INTO auth_permission VALUES(47,14,'view_carouselslide','Can view Carousel Slide');
INSERT INTO auth_permission VALUES(48,15,'add_coderedpage','Can add CodeRed Page');
INSERT INTO auth_permission VALUES(49,15,'change_coderedpage','Can change CodeRed Page');
INSERT INTO auth_permission VALUES(50,15,'delete_coderedpage','Can delete CodeRed Page');
INSERT INTO auth_permission VALUES(51,15,'view_coderedpage','Can view CodeRed Page');
INSERT INTO auth_permission VALUES(52,16,'add_footer','Can add Footer');
INSERT INTO auth_permission VALUES(53,16,'change_footer','Can change Footer');
INSERT INTO auth_permission VALUES(54,16,'delete_footer','Can delete Footer');
INSERT INTO auth_permission VALUES(55,16,'view_footer','Can view Footer');
INSERT INTO auth_permission VALUES(56,17,'add_generalsettings','Can add General');
INSERT INTO auth_permission VALUES(57,17,'change_generalsettings','Can change General');
INSERT INTO auth_permission VALUES(58,17,'delete_generalsettings','Can delete General');
INSERT INTO auth_permission VALUES(59,17,'view_generalsettings','Can view General');
INSERT INTO auth_permission VALUES(60,18,'add_layoutsettings','Can add Layout');
INSERT INTO auth_permission VALUES(61,18,'change_layoutsettings','Can change Layout');
INSERT INTO auth_permission VALUES(62,18,'delete_layoutsettings','Can delete Layout');
INSERT INTO auth_permission VALUES(63,18,'view_layoutsettings','Can view Layout');
INSERT INTO auth_permission VALUES(64,19,'add_navbar','Can add Navigation Bar');
INSERT INTO auth_permission VALUES(65,19,'change_navbar','Can change Navigation Bar');
INSERT INTO auth_permission VALUES(66,19,'delete_navbar','Can delete Navigation Bar');
INSERT INTO auth_permission VALUES(67,19,'view_navbar','Can view Navigation Bar');
INSERT INTO auth_permission VALUES(68,20,'add_seosettings','Can add SEO');
INSERT INTO auth_permission VALUES(69,20,'change_seosettings','Can change SEO');
INSERT INTO auth_permission VALUES(70,20,'delete_seosettings','Can delete SEO');
INSERT INTO auth_permission VALUES(71,20,'view_seosettings','Can view SEO');
INSERT INTO auth_permission VALUES(72,21,'add_socialmediasettings','Can add Social Media');
INSERT INTO auth_permission VALUES(73,21,'change_socialmediasettings','Can change Social Media');
INSERT INTO auth_permission VALUES(74,21,'delete_socialmediasettings','Can delete Social Media');
INSERT INTO auth_permission VALUES(75,21,'view_socialmediasettings','Can view Social Media');
INSERT INTO auth_permission VALUES(76,22,'add_contentwall','Can add Content Wall');
INSERT INTO auth_permission VALUES(77,22,'change_contentwall','Can change Content Wall');
INSERT INTO auth_permission VALUES(78,22,'delete_contentwall','Can delete Content Wall');
INSERT INTO auth_permission VALUES(79,22,'view_contentwall','Can view Content Wall');
INSERT INTO auth_permission VALUES(80,23,'add_reusablecontent','Can add Reusable Content');
INSERT INTO auth_permission VALUES(81,23,'change_reusablecontent','Can change Reusable Content');
INSERT INTO auth_permission VALUES(82,23,'delete_reusablecontent','Can delete Reusable Content');
INSERT INTO auth_permission VALUES(83,23,'view_reusablecontent','Can view Reusable Content');
INSERT INTO auth_permission VALUES(84,24,'add_googleapisettings','Can add Google API');
INSERT INTO auth_permission VALUES(85,24,'change_googleapisettings','Can change Google API');
INSERT INTO auth_permission VALUES(86,24,'delete_googleapisettings','Can delete Google API');
INSERT INTO auth_permission VALUES(87,24,'view_googleapisettings','Can view Google API');
INSERT INTO auth_permission VALUES(88,25,'add_coderedtag','Can add CodeRed Tag');
INSERT INTO auth_permission VALUES(89,25,'change_coderedtag','Can change CodeRed Tag');
INSERT INTO auth_permission VALUES(90,25,'delete_coderedtag','Can delete CodeRed Tag');
INSERT INTO auth_permission VALUES(91,25,'view_coderedtag','Can view CodeRed Tag');
INSERT INTO auth_permission VALUES(92,26,'add_mailchimpapisettings','Can add Mailchimp API');
INSERT INTO auth_permission VALUES(93,26,'change_mailchimpapisettings','Can change Mailchimp API');
INSERT INTO auth_permission VALUES(94,26,'delete_mailchimpapisettings','Can delete Mailchimp API');
INSERT INTO auth_permission VALUES(95,26,'view_mailchimpapisettings','Can view Mailchimp API');
INSERT INTO auth_permission VALUES(96,27,'add_classifier','Can add Classifier');
INSERT INTO auth_permission VALUES(97,27,'change_classifier','Can change Classifier');
INSERT INTO auth_permission VALUES(98,27,'delete_classifier','Can delete Classifier');
INSERT INTO auth_permission VALUES(99,27,'view_classifier','Can view Classifier');
INSERT INTO auth_permission VALUES(100,28,'add_classifierterm','Can add Classifier Term');
INSERT INTO auth_permission VALUES(101,28,'change_classifierterm','Can change Classifier Term');
INSERT INTO auth_permission VALUES(102,28,'delete_classifierterm','Can delete Classifier Term');
INSERT INTO auth_permission VALUES(103,28,'view_classifierterm','Can view Classifier Term');
INSERT INTO auth_permission VALUES(104,29,'add_coderedsubmissionrevision','Can add codered submission revision');
INSERT INTO auth_permission VALUES(105,29,'change_coderedsubmissionrevision','Can change codered submission revision');
INSERT INTO auth_permission VALUES(106,29,'delete_coderedsubmissionrevision','Can delete codered submission revision');
INSERT INTO auth_permission VALUES(107,29,'view_coderedsubmissionrevision','Can view codered submission revision');
INSERT INTO auth_permission VALUES(108,30,'add_coderedsessionformsubmission','Can add form submission');
INSERT INTO auth_permission VALUES(109,30,'change_coderedsessionformsubmission','Can change form submission');
INSERT INTO auth_permission VALUES(110,30,'delete_coderedsessionformsubmission','Can delete form submission');
INSERT INTO auth_permission VALUES(111,30,'view_coderedsessionformsubmission','Can view form submission');
INSERT INTO auth_permission VALUES(112,31,'add_tag','Can add Tag');
INSERT INTO auth_permission VALUES(113,31,'change_tag','Can change Tag');
INSERT INTO auth_permission VALUES(114,31,'delete_tag','Can delete Tag');
INSERT INTO auth_permission VALUES(115,31,'view_tag','Can view Tag');
INSERT INTO auth_permission VALUES(116,32,'add_taggeditem','Can add Tagged Item');
INSERT INTO auth_permission VALUES(117,32,'change_taggeditem','Can change Tagged Item');
INSERT INTO auth_permission VALUES(118,32,'delete_taggeditem','Can delete Tagged Item');
INSERT INTO auth_permission VALUES(119,32,'view_taggeditem','Can view Tagged Item');
INSERT INTO auth_permission VALUES(120,33,'add_formsubmission','Can add form submission');
INSERT INTO auth_permission VALUES(121,33,'change_formsubmission','Can change form submission');
INSERT INTO auth_permission VALUES(122,33,'delete_formsubmission','Can delete form submission');
INSERT INTO auth_permission VALUES(123,33,'view_formsubmission','Can view form submission');
INSERT INTO auth_permission VALUES(124,34,'add_redirect','Can add redirect');
INSERT INTO auth_permission VALUES(125,34,'change_redirect','Can change redirect');
INSERT INTO auth_permission VALUES(126,34,'delete_redirect','Can delete redirect');
INSERT INTO auth_permission VALUES(127,34,'view_redirect','Can view redirect');
INSERT INTO auth_permission VALUES(128,35,'add_embed','Can add embed');
INSERT INTO auth_permission VALUES(129,35,'change_embed','Can change embed');
INSERT INTO auth_permission VALUES(130,35,'delete_embed','Can delete embed');
INSERT INTO auth_permission VALUES(131,35,'view_embed','Can view embed');
INSERT INTO auth_permission VALUES(132,36,'add_userprofile','Can add user profile');
INSERT INTO auth_permission VALUES(133,36,'change_userprofile','Can change user profile');
INSERT INTO auth_permission VALUES(134,36,'delete_userprofile','Can delete user profile');
INSERT INTO auth_permission VALUES(135,36,'view_userprofile','Can view user profile');
INSERT INTO auth_permission VALUES(136,4,'view_document','Can view document');
INSERT INTO auth_permission VALUES(137,2,'view_image','Can view image');
INSERT INTO auth_permission VALUES(138,37,'add_rendition','Can add rendition');
INSERT INTO auth_permission VALUES(139,37,'change_rendition','Can change rendition');
INSERT INTO auth_permission VALUES(140,37,'delete_rendition','Can delete rendition');
INSERT INTO auth_permission VALUES(141,37,'view_rendition','Can view rendition');
INSERT INTO auth_permission VALUES(142,38,'add_query','Can add query');
INSERT INTO auth_permission VALUES(143,38,'change_query','Can change query');
INSERT INTO auth_permission VALUES(144,38,'delete_query','Can delete query');
INSERT INTO auth_permission VALUES(145,38,'view_query','Can view query');
INSERT INTO auth_permission VALUES(146,39,'add_querydailyhits','Can add Query Daily Hits');
INSERT INTO auth_permission VALUES(147,39,'change_querydailyhits','Can change Query Daily Hits');
INSERT INTO auth_permission VALUES(148,39,'delete_querydailyhits','Can delete Query Daily Hits');
INSERT INTO auth_permission VALUES(149,39,'view_querydailyhits','Can view Query Daily Hits');
INSERT INTO auth_permission VALUES(150,1,'add_page','Can add page');
INSERT INTO auth_permission VALUES(151,1,'change_page','Can change page');
INSERT INTO auth_permission VALUES(152,1,'delete_page','Can delete page');
INSERT INTO auth_permission VALUES(153,1,'view_page','Can view page');
INSERT INTO auth_permission VALUES(154,40,'add_grouppagepermission','Can add group page permission');
INSERT INTO auth_permission VALUES(155,40,'change_grouppagepermission','Can change group page permission');
INSERT INTO auth_permission VALUES(156,40,'delete_grouppagepermission','Can delete group page permission');
INSERT INTO auth_permission VALUES(157,40,'view_grouppagepermission','Can view group page permission');
INSERT INTO auth_permission VALUES(158,41,'add_pagerevision','Can add page revision');
INSERT INTO auth_permission VALUES(159,41,'change_pagerevision','Can change page revision');
INSERT INTO auth_permission VALUES(160,41,'delete_pagerevision','Can delete page revision');
INSERT INTO auth_permission VALUES(161,41,'view_pagerevision','Can view page revision');
INSERT INTO auth_permission VALUES(162,42,'add_pageviewrestriction','Can add page view restriction');
INSERT INTO auth_permission VALUES(163,42,'change_pageviewrestriction','Can change page view restriction');
INSERT INTO auth_permission VALUES(164,42,'delete_pageviewrestriction','Can delete page view restriction');
INSERT INTO auth_permission VALUES(165,42,'view_pageviewrestriction','Can view page view restriction');
INSERT INTO auth_permission VALUES(166,43,'add_site','Can add site');
INSERT INTO auth_permission VALUES(167,43,'change_site','Can change site');
INSERT INTO auth_permission VALUES(168,43,'delete_site','Can delete site');
INSERT INTO auth_permission VALUES(169,43,'view_site','Can view site');
INSERT INTO auth_permission VALUES(170,44,'add_collection','Can add collection');
INSERT INTO auth_permission VALUES(171,44,'change_collection','Can change collection');
INSERT INTO auth_permission VALUES(172,44,'delete_collection','Can delete collection');
INSERT INTO auth_permission VALUES(173,44,'view_collection','Can view collection');
INSERT INTO auth_permission VALUES(174,45,'add_groupcollectionpermission','Can add group collection permission');
INSERT INTO auth_permission VALUES(175,45,'change_groupcollectionpermission','Can change group collection permission');
INSERT INTO auth_permission VALUES(176,45,'delete_groupcollectionpermission','Can delete group collection permission');
INSERT INTO auth_permission VALUES(177,45,'view_groupcollectionpermission','Can view group collection permission');
INSERT INTO auth_permission VALUES(178,46,'add_collectionviewrestriction','Can add collection view restriction');
INSERT INTO auth_permission VALUES(179,46,'change_collectionviewrestriction','Can change collection view restriction');
INSERT INTO auth_permission VALUES(180,46,'delete_collectionviewrestriction','Can delete collection view restriction');
INSERT INTO auth_permission VALUES(181,46,'view_collectionviewrestriction','Can view collection view restriction');
INSERT INTO auth_permission VALUES(182,47,'add_logentry','Can add log entry');
INSERT INTO auth_permission VALUES(183,47,'change_logentry','Can change log entry');
INSERT INTO auth_permission VALUES(184,47,'delete_logentry','Can delete log entry');
INSERT INTO auth_permission VALUES(185,47,'view_logentry','Can view log entry');
INSERT INTO auth_permission VALUES(186,48,'add_permission','Can add permission');
INSERT INTO auth_permission VALUES(187,48,'change_permission','Can change permission');
INSERT INTO auth_permission VALUES(188,48,'delete_permission','Can delete permission');
INSERT INTO auth_permission VALUES(189,48,'view_permission','Can view permission');
INSERT INTO auth_permission VALUES(190,49,'add_group','Can add group');
INSERT INTO auth_permission VALUES(191,49,'change_group','Can change group');
INSERT INTO auth_permission VALUES(192,49,'delete_group','Can delete group');
INSERT INTO auth_permission VALUES(193,49,'view_group','Can view group');
INSERT INTO auth_permission VALUES(194,50,'add_user','Can add user');
INSERT INTO auth_permission VALUES(195,50,'change_user','Can change user');
INSERT INTO auth_permission VALUES(196,50,'delete_user','Can delete user');
INSERT INTO auth_permission VALUES(197,50,'view_user','Can view user');
INSERT INTO auth_permission VALUES(198,51,'add_contenttype','Can add content type');
INSERT INTO auth_permission VALUES(199,51,'change_contenttype','Can change content type');
INSERT INTO auth_permission VALUES(200,51,'delete_contenttype','Can delete content type');
INSERT INTO auth_permission VALUES(201,51,'view_contenttype','Can view content type');
INSERT INTO auth_permission VALUES(202,52,'add_session','Can add session');
INSERT INTO auth_permission VALUES(203,52,'change_session','Can change session');
INSERT INTO auth_permission VALUES(204,52,'delete_session','Can delete session');
INSERT INTO auth_permission VALUES(205,52,'view_session','Can view session');
CREATE TABLE IF NOT EXISTS "auth_user" ("id" integer NOT NULL PRIMARY KEY AUTOINCREMENT, "password" varchar(128) NOT NULL, "last_login" datetime NULL, "is_superuser" bool NOT NULL, "username" varchar(150) NOT NULL UNIQUE, "first_name" varchar(30) NOT NULL, "email" varchar(254) NOT NULL, "is_staff" bool NOT NULL, "is_active" bool NOT NULL, "date_joined" datetime NOT NULL, "last_name" varchar(150) NOT NULL);
INSERT INTO auth_user VALUES(1,'pbkdf2_sha256$150000$dVQNUofaxW2v$a/YieM8NqJjUJAHbyCXbPl8eAiB+KToYtAOC3LTZvgs=','2020-01-28 07:15:11.694952',1,'yuto','','',1,1,'2020-01-28 07:13:21.081910','');
CREATE TABLE IF NOT EXISTS "auth_group" ("id" integer NOT NULL PRIMARY KEY AUTOINCREMENT, "name" varchar(150) NOT NULL UNIQUE);
INSERT INTO auth_group VALUES(1,'Moderators');
INSERT INTO auth_group VALUES(2,'Editors');
CREATE TABLE IF NOT EXISTS "wagtailcore_site" ("id" integer NOT NULL PRIMARY KEY AUTOINCREMENT, "hostname" varchar(255) NOT NULL, "port" integer NOT NULL, "is_default_site" bool NOT NULL, "root_page_id" integer NOT NULL REFERENCES "wagtailcore_page" ("id") DEFERRABLE INITIALLY DEFERRED, "site_name" varchar(255) NULL);
INSERT INTO wagtailcore_site VALUES(2,'localhost',80,1,3,'mysite');
CREATE TABLE IF NOT EXISTS "wagtailcore_collection" ("id" integer NOT NULL PRIMARY KEY AUTOINCREMENT, "path" varchar(255) NOT NULL UNIQUE, "depth" integer unsigned NOT NULL CHECK ("depth" >= 0), "numchild" integer unsigned NOT NULL CHECK ("numchild" >= 0), "name" varchar(255) NOT NULL);
INSERT INTO wagtailcore_collection VALUES(1,'0001',1,0,'Root');
CREATE TABLE IF NOT EXISTS "wagtailcore_groupcollectionpermission" ("id" integer NOT NULL PRIMARY KEY AUTOINCREMENT, "collection_id" integer NOT NULL REFERENCES "wagtailcore_collection" ("id") DEFERRABLE INITIALLY DEFERRED, "group_id" integer NOT NULL REFERENCES "auth_group" ("id") DEFERRABLE INITIALLY DEFERRED, "permission_id" integer NOT NULL REFERENCES "auth_permission" ("id") DEFERRABLE INITIALLY DEFERRED);
INSERT INTO wagtailcore_groupcollectionpermission VALUES(1,1,2,1);
INSERT INTO wagtailcore_groupcollectionpermission VALUES(2,1,1,1);
INSERT INTO wagtailcore_groupcollectionpermission VALUES(3,1,2,2);
INSERT INTO wagtailcore_groupcollectionpermission VALUES(4,1,1,2);
INSERT INTO wagtailcore_groupcollectionpermission VALUES(5,1,2,5);
INSERT INTO wagtailcore_groupcollectionpermission VALUES(6,1,1,5);
INSERT INTO wagtailcore_groupcollectionpermission VALUES(7,1,2,6);
INSERT INTO wagtailcore_groupcollectionpermission VALUES(8,1,1,6);
CREATE TABLE IF NOT EXISTS "wagtailcore_pagerevision" ("id" integer NOT NULL PRIMARY KEY AUTOINCREMENT, "submitted_for_moderation" bool NOT NULL, "content_json" text NOT NULL, "approved_go_live_at" datetime NULL, "page_id" integer NOT NULL REFERENCES "wagtailcore_page" ("id") DEFERRABLE INITIALLY DEFERRED, "user_id" integer NULL REFERENCES "auth_user" ("id") DEFERRABLE INITIALLY DEFERRED, "created_at" datetime NOT NULL);
INSERT INTO wagtailcore_pagerevision VALUES(1,0,'{"pk": 3, "path": "00010001", "depth": 2, "numchild": 0, "title": "Home", "draft_title": "Home", "slug": "home", "content_type": 5, "live": true, "has_unpublished_changes": false, "url_path": "/home/", "owner": null, "seo_title": "", "show_in_menus": false, "search_description": "", "go_live_at": null, "expire_at": null, "expired": false, "locked": false, "first_published_at": null, "last_published_at": null, "latest_revision_created_at": null, "live_revision": null, "cover_image": 1, "index_show_subpages": false, "index_order_by": "", "index_num_per_page": 10, "custom_template": "coderedcms/pages/home_page.html", "og_image": null, "struct_org_type": "", "struct_org_name": "", "struct_org_logo": null, "struct_org_image": null, "struct_org_phone": "", "struct_org_address_street": "", "struct_org_address_locality": "", "struct_org_address_region": "", "struct_org_address_postal": "", "struct_org_address_country": "", "struct_org_geo_lat": null, "struct_org_geo_lng": null, "struct_org_hours": "[]", "struct_org_actions": "[]", "struct_org_extra_json": "", "content_walls": "[]", "body": "[{\"type\": \"hero\", \"value\": {\"settings\": {\"custom_template\": \"\", \"custom_css_class\": \"\", \"custom_id\": \"\"}, \"fluid\": true, \"is_parallax\": false, \"background_image\": 1, \"tile_image\": false, \"background_color\": \"\", \"foreground_color\": \"\", \"content\": [{\"type\": \"row\", \"value\": {\"settings\": {\"custom_template\": \"\", \"custom_css_class\": \"\", \"custom_id\": \"\"}, \"fluid\": false, \"content\": [{\"type\": \"content\", \"value\": {\"settings\": {\"custom_template\": \"\", \"custom_css_class\": \"\", \"custom_id\": \"\", \"column_breakpoint\": \"md\"}, \"column_size\": \"\", \"content\": [{\"type\": \"html\", \"value\": \"<h1>Welcome</h1>\", \"id\": \"c5129c73-177d-4ebe-851f-37cab3966755\"}]}, \"id\": \"42e6fb02-e0d1-4cd2-9c58-64e4b4e1e037\"}]}, \"id\": \"0ac9a526-5ba0-46a2-aec4-002d7d228542\"}]}, \"id\": \"c443a9a3-5312-4133-b051-741d78b72d14\"}]", "tagged_items": [], "index_classifiers": [], "classifier_terms": []}',NULL,3,1,'2020-01-28 07:18:32.952018');
INSERT INTO wagtailcore_pagerevision VALUES(2,0,'{"pk": 4, "path": "000100010001", "depth": 3, "numchild": 0, "title": "Event", "draft_title": "Event", "slug": "event", "content_type": 6, "live": true, "has_unpublished_changes": false, "url_path": "/home/event/", "owner": 1, "seo_title": "", "show_in_menus": false, "search_description": "", "go_live_at": null, "expire_at": null, "expired": false, "locked": false, "first_published_at": null, "last_published_at": null, "latest_revision_created_at": null, "live_revision": null, "cover_image": null, "index_show_subpages": true, "index_order_by": "-date_display", "index_num_per_page": 10, "custom_template": "", "og_image": null, "struct_org_type": "", "struct_org_name": "", "struct_org_logo": null, "struct_org_image": null, "struct_org_phone": "", "struct_org_address_street": "", "struct_org_address_locality": "", "struct_org_address_region": "", "struct_org_address_postal": "", "struct_org_address_country": "", "struct_org_geo_lat": null, "struct_org_geo_lng": null, "struct_org_hours": "[]", "struct_org_actions": "[]", "struct_org_extra_json": "", "content_walls": "[]", "body": "[]", "show_images": true, "show_captions": true, "show_meta": true, "show_preview_text": true, "tagged_items": [], "index_classifiers": [], "classifier_terms": []}',NULL,4,1,'2020-01-28 07:23:36.133241');
INSERT INTO wagtailcore_pagerevision VALUES(3,0,'{"pk": 5, "path": "0001000100010001", "depth": 4, "numchild": 0, "title": "Event Article 1", "draft_title": "Event Article 1", "slug": "event-article-1", "content_type": 10, "live": true, "has_unpublished_changes": false, "url_path": "/home/event/event-article-1/", "owner": 1, "seo_title": "", "show_in_menus": false, "search_description": "", "go_live_at": null, "expire_at": null, "expired": false, "locked": false, "first_published_at": null, "last_published_at": null, "latest_revision_created_at": null, "live_revision": null, "cover_image": 2, "index_show_subpages": false, "index_order_by": "", "index_num_per_page": 10, "custom_template": "", "og_image": null, "struct_org_type": "", "struct_org_name": "", "struct_org_logo": null, "struct_org_image": null, "struct_org_phone": "", "struct_org_address_street": "", "struct_org_address_locality": "", "struct_org_address_region": "", "struct_org_address_postal": "", "struct_org_address_country": "", "struct_org_geo_lat": null, "struct_org_geo_lng": null, "struct_org_hours": "[]", "struct_org_actions": "[]", "struct_org_extra_json": "", "content_walls": "[]", "body": "[{\"type\": \"text\", \"value\": \"<p> </p><p>Lorem ipsum dolor sit amet, consectetur adipiscing elit. Nullam bibendum quam sed nisl luctus semper. Vivamus tincidunt fermentum pretium. Mauris scelerisque quam nec purus tempor pulvinar rhoncus sit amet lacus. Duis diam tellus, consequat viverra fermentum sed, faucibus quis magna. Aenean sodales nisi ac semper accumsan. Nam iaculis metus at justo consectetur posuere. Praesent molestie metus et nisl elementum, in commodo nulla pretium. Donec egestas mi at turpis accumsan, euismod bibendum quam varius. Vestibulum ante ipsum primis in faucibus orci luctus et ultrices posuere cubilia Curae; Pellentesque sodales consequat libero non scelerisque. In et feugiat ipsum. Suspendisse a aliquam velit, in hendrerit purus. Aliquam sollicitudin tempor augue a porta. Curabitur vitae aliquet enim.</p><p>Sed eget mollis est. Praesent sed nisi vestibulum, viverra neque a, tincidunt leo. Quisque suscipit erat leo, et vestibulum lorem dapibus ac. Nunc fringilla, lorem ac ultricies tempus, augue tellus commodo leo, sed sollicitudin augue quam in arcu. Sed pulvinar leo vitae lectus malesuada blandit. Sed convallis bibendum sem at blandit. Integer ac purus orci. Cras euismod, eros vitae dictum mollis, quam quam aliquet eros, non bibendum lectus enim a urna. Sed a scelerisque lectus, et molestie tortor. Proin sagittis, ipsum quis commodo fringilla, quam purus sollicitudin sapien, eu pellentesque enim mauris imperdiet nisi. Nulla quis massa nec nisl congue porta. Aliquam placerat, sem eget venenatis ultricies, sem odio ullamcorper nisi, ac efficitur lorem sem sit amet lacus. Vestibulum ullamcorper sapien sit amet gravida blandit. Sed enim arcu, placerat nec laoreet fermentum, pretium et dui. Nulla a sagittis justo, in consectetur mi. Fusce sollicitudin enim sit amet est suscipit posuere.</p><p>Aenean interdum nulla dignissim, lacinia arcu quis, mollis massa. Nulla facilisi. Mauris et enim elit. Aenean ut mi vehicula diam consectetur mattis eget ac purus. Quisque interdum velit vel fermentum sodales. Cras convallis, neque vel lacinia eleifend, nisl odio ultricies odio, vel tincidunt urna orci vitae ligula. Integer efficitur condimentum neque ac porttitor. Phasellus sit amet tincidunt nisl, at finibus nisi.</p>\", \"id\": \"76e6deca-4a89-42ca-accf-3541a5060b37\"}]", "caption": "Event 1", "author": 1, "author_display": "Yuto", "date_display": "2020-01-28", "tagged_items": [], "index_classifiers": [], "classifier_terms": []}',NULL,5,1,'2020-01-28 07:25:27.348478');
INSERT INTO wagtailcore_pagerevision VALUES(4,0,'{"pk": 6, "path": "0001000100010002", "depth": 4, "numchild": 0, "title": "Event Article 2", "draft_title": "Event Article 2", "slug": "event-article-2", "content_type": 10, "live": true, "has_unpublished_changes": false, "url_path": "/home/event/event-article-2/", "owner": 1, "seo_title": "", "show_in_menus": false, "search_description": "", "go_live_at": null, "expire_at": null, "expired": false, "locked": false, "first_published_at": null, "last_published_at": null, "latest_revision_created_at": null, "live_revision": null, "cover_image": 3, "index_show_subpages": false, "index_order_by": "", "index_num_per_page": 10, "custom_template": "", "og_image": null, "struct_org_type": "", "struct_org_name": "", "struct_org_logo": null, "struct_org_image": null, "struct_org_phone": "", "struct_org_address_street": "", "struct_org_address_locality": "", "struct_org_address_region": "", "struct_org_address_postal": "", "struct_org_address_country": "", "struct_org_geo_lat": null, "struct_org_geo_lng": null, "struct_org_hours": "[]", "struct_org_actions": "[]", "struct_org_extra_json": "", "content_walls": "[]", "body": "[{\"type\": \"text\", \"value\": \"<p> </p><p>Lorem ipsum dolor sit amet, consectetur adipiscing elit. Nullam bibendum quam sed nisl luctus semper. Vivamus tincidunt fermentum pretium. Mauris scelerisque quam nec purus tempor pulvinar rhoncus sit amet lacus. Duis diam tellus, consequat viverra fermentum sed, faucibus quis magna. Aenean sodales nisi ac semper accumsan. Nam iaculis metus at justo consectetur posuere. Praesent molestie metus et nisl elementum, in commodo nulla pretium. Donec egestas mi at turpis accumsan, euismod bibendum quam varius. Vestibulum ante ipsum primis in faucibus orci luctus et ultrices posuere cubilia Curae; Pellentesque sodales consequat libero non scelerisque. In et feugiat ipsum. Suspendisse a aliquam velit, in hendrerit purus. Aliquam sollicitudin tempor augue a porta. Curabitur vitae aliquet enim.</p><p>Sed eget mollis est. Praesent sed nisi vestibulum, viverra neque a, tincidunt leo. Quisque suscipit erat leo, et vestibulum lorem dapibus ac. Nunc fringilla, lorem ac ultricies tempus, augue tellus commodo leo, sed sollicitudin augue quam in arcu. Sed pulvinar leo vitae lectus malesuada blandit. Sed convallis bibendum sem at blandit. Integer ac purus orci. Cras euismod, eros vitae dictum mollis, quam quam aliquet eros, non bibendum lectus enim a urna. Sed a scelerisque lectus, et molestie tortor. Proin sagittis, ipsum quis commodo fringilla, quam purus sollicitudin sapien, eu pellentesque enim mauris imperdiet nisi. Nulla quis massa nec nisl congue porta. Aliquam placerat, sem eget venenatis ultricies, sem odio ullamcorper nisi, ac efficitur lorem sem sit amet lacus. Vestibulum ullamcorper sapien sit amet gravida blandit. Sed enim arcu, placerat nec laoreet fermentum, pretium et dui. Nulla a sagittis justo, in consectetur mi. Fusce sollicitudin enim sit amet est suscipit posuere.</p><p>Aenean interdum nulla dignissim, lacinia arcu quis, mollis massa. Nulla facilisi. Mauris et enim elit. Aenean ut mi vehicula diam consectetur mattis eget ac purus. Quisque interdum velit vel fermentum sodales. Cras convallis, neque vel lacinia eleifend, nisl odio ultricies odio, vel tincidunt urna orci vitae ligula. Integer efficitur condimentum neque ac porttitor. Phasellus sit amet tincidunt nisl, at finibus nisi.</p>\", \"id\": \"dbe76c76-c151-499d-920d-12a4de525156\"}]", "caption": "Event 2", "author": 1, "author_display": "Yuto", "date_display": "2020-01-16", "tagged_items": [], "index_classifiers": [], "classifier_terms": []}',NULL,6,1,'2020-01-28 07:27:10.475342');
INSERT INTO wagtailcore_pagerevision VALUES(5,0,'{"pk": 7, "path": "0001000100010003", "depth": 4, "numchild": 0, "title": "Event Article 3", "draft_title": "Event Article 3", "slug": "event-article-3", "content_type": 10, "live": true, "has_unpublished_changes": false, "url_path": "/home/event/event-article-3/", "owner": 1, "seo_title": "", "show_in_menus": false, "search_description": "", "go_live_at": null, "expire_at": null, "expired": false, "locked": false, "first_published_at": null, "last_published_at": null, "latest_revision_created_at": null, "live_revision": null, "cover_image": 4, "index_show_subpages": false, "index_order_by": "", "index_num_per_page": 10, "custom_template": "", "og_image": null, "struct_org_type": "", "struct_org_name": "", "struct_org_logo": null, "struct_org_image": null, "struct_org_phone": "", "struct_org_address_street": "", "struct_org_address_locality": "", "struct_org_address_region": "", "struct_org_address_postal": "", "struct_org_address_country": "", "struct_org_geo_lat": null, "struct_org_geo_lng": null, "struct_org_hours": "[]", "struct_org_actions": "[]", "struct_org_extra_json": "", "content_walls": "[]", "body": "[{\"type\": \"text\", \"value\": \"<p> </p><p>Lorem ipsum dolor sit amet, consectetur adipiscing elit. Nullam bibendum quam sed nisl luctus semper. Vivamus tincidunt fermentum pretium. Mauris scelerisque quam nec purus tempor pulvinar rhoncus sit amet lacus. Duis diam tellus, consequat viverra fermentum sed, faucibus quis magna. Aenean sodales nisi ac semper accumsan. Nam iaculis metus at justo consectetur posuere. Praesent molestie metus et nisl elementum, in commodo nulla pretium. Donec egestas mi at turpis accumsan, euismod bibendum quam varius. Vestibulum ante ipsum primis in faucibus orci luctus et ultrices posuere cubilia Curae; Pellentesque sodales consequat libero non scelerisque. In et feugiat ipsum. Suspendisse a aliquam velit, in hendrerit purus. Aliquam sollicitudin tempor augue a porta. Curabitur vitae aliquet enim.</p><p>Sed eget mollis est. Praesent sed nisi vestibulum, viverra neque a, tincidunt leo. Quisque suscipit erat leo, et vestibulum lorem dapibus ac. Nunc fringilla, lorem ac ultricies tempus, augue tellus commodo leo, sed sollicitudin augue quam in arcu. Sed pulvinar leo vitae lectus malesuada blandit. Sed convallis bibendum sem at blandit. Integer ac purus orci. Cras euismod, eros vitae dictum mollis, quam quam aliquet eros, non bibendum lectus enim a urna. Sed a scelerisque lectus, et molestie tortor. Proin sagittis, ipsum quis commodo fringilla, quam purus sollicitudin sapien, eu pellentesque enim mauris imperdiet nisi. Nulla quis massa nec nisl congue porta. Aliquam placerat, sem eget venenatis ultricies, sem odio ullamcorper nisi, ac efficitur lorem sem sit amet lacus. Vestibulum ullamcorper sapien sit amet gravida blandit. Sed enim arcu, placerat nec laoreet fermentum, pretium et dui. Nulla a sagittis justo, in consectetur mi. Fusce sollicitudin enim sit amet est suscipit posuere.</p><p>Aenean interdum nulla dignissim, lacinia arcu quis, mollis massa. Nulla facilisi. Mauris et enim elit. Aenean ut mi vehicula diam consectetur mattis eget ac purus. Quisque interdum velit vel fermentum sodales. Cras convallis, neque vel lacinia eleifend, nisl odio ultricies odio, vel tincidunt urna orci vitae ligula. Integer efficitur condimentum neque ac porttitor. Phasellus sit amet tincidunt nisl, at finibus nisi.</p>\", \"id\": \"bd39bf5e-9fa6-4cc5-89f0-07da2eaf7a7f\"}]", "caption": "Event 3", "author": 1, "author_display": "Yuto", "date_display": "2020-01-10", "tagged_items": [], "index_classifiers": [], "classifier_terms": []}',NULL,7,1,'2020-01-28 07:27:41.836912');
INSERT INTO wagtailcore_pagerevision VALUES(6,0,'{"pk": 3, "path": "00010001", "depth": 2, "numchild": 1, "title": "Home", "draft_title": "Home", "slug": "home", "content_type": 5, "live": true, "has_unpublished_changes": false, "url_path": "/home/", "owner": null, "seo_title": "", "show_in_menus": false, "search_description": "", "go_live_at": null, "expire_at": null, "expired": false, "locked": false, "first_published_at": "2020-01-28T07:18:33.005Z", "last_published_at": "2020-01-28T07:18:33.005Z", "latest_revision_created_at": "2020-01-28T07:18:32.952Z", "live_revision": 1, "cover_image": 1, "index_show_subpages": false, "index_order_by": "", "index_num_per_page": 10, "custom_template": "coderedcms/pages/home_page.html", "og_image": null, "struct_org_type": "", "struct_org_name": "", "struct_org_logo": null, "struct_org_image": null, "struct_org_phone": "", "struct_org_address_street": "", "struct_org_address_locality": "", "struct_org_address_region": "", "struct_org_address_postal": "", "struct_org_address_country": "", "struct_org_geo_lat": null, "struct_org_geo_lng": null, "struct_org_hours": "[]", "struct_org_actions": "[]", "struct_org_extra_json": "", "content_walls": "[]", "body": "[{\"type\": \"hero\", \"value\": {\"settings\": {\"custom_template\": \"\", \"custom_css_class\": \"\", \"custom_id\": \"\"}, \"fluid\": true, \"is_parallax\": false, \"background_image\": 1, \"tile_image\": false, \"background_color\": \"\", \"foreground_color\": \"\", \"content\": [{\"type\": \"row\", \"value\": {\"settings\": {\"custom_template\": \"\", \"custom_css_class\": \"\", \"custom_id\": \"\"}, \"fluid\": false, \"content\": [{\"type\": \"content\", \"value\": {\"settings\": {\"custom_template\": \"\", \"custom_css_class\": \"\", \"custom_id\": \"\", \"column_breakpoint\": \"md\"}, \"column_size\": \"\", \"content\": [{\"type\": \"html\", \"value\": \"<h1>Welcome</h1>\", \"id\": \"c5129c73-177d-4ebe-851f-37cab3966755\"}]}, \"id\": \"42e6fb02-e0d1-4cd2-9c58-64e4b4e1e037\"}]}, \"id\": \"0ac9a526-5ba0-46a2-aec4-002d7d228542\"}]}, \"id\": \"c443a9a3-5312-4133-b051-741d78b72d14\"}, {\"type\": \"html\", \"value\": \"<br></br>\", \"id\": \"822d4706-2e6c-4b52-af90-8bd6ffe233e4\"}, {\"type\": \"row\", \"value\": {\"settings\": {\"custom_template\": \"\", \"custom_css_class\": \"\", \"custom_id\": \"\"}, \"fluid\": false, \"content\": [{\"type\": \"content\", \"value\": {\"settings\": {\"custom_template\": \"\", \"custom_css_class\": \"\", \"custom_id\": \"\", \"column_breakpoint\": \"md\"}, \"column_size\": \"\", \"content\": [{\"type\": \"text\", \"value\": \"<p> </p><p>Lorem ipsum dolor sit amet, consectetur adipiscing elit. Nullam bibendum quam sed nisl luctus semper. Vivamus tincidunt fermentum pretium. Mauris scelerisque quam nec purus tempor pulvinar rhoncus sit amet lacus. Duis diam tellus, consequat viverra fermentum sed, faucibus quis magna. Aenean sodales nisi ac semper accumsan. Nam iaculis metus at justo consectetur posuere. Praesent molestie metus et nisl elementum, in commodo nulla pretium. Donec egestas mi at turpis accumsan, euismod bibendum quam varius. Vestibulum ante ipsum primis in faucibus orci luctus et ultrices posuere cubilia Curae; Pellentesque sodales consequat libero non scelerisque. In et feugiat ipsum. Suspendisse a aliquam velit, in hendrerit purus. Aliquam sollicitudin tempor augue a porta. Curabitur vitae aliquet enim.</p><p>Sed eget mollis est. Praesent sed nisi vestibulum, viverra neque a, tincidunt leo. Quisque suscipit erat leo, et vestibulum lorem dapibus ac. Nunc fringilla, lorem ac ultricies tempus, augue tellus commodo leo, sed sollicitudin augue quam in arcu. Sed pulvinar leo vitae lectus malesuada blandit. Sed convallis bibendum sem at blandit. Integer ac purus orci. Cras euismod, eros vitae dictum mollis, quam quam aliquet eros, non bibendum lectus enim a urna. Sed a scelerisque lectus, et molestie tortor. Proin sagittis, ipsum quis commodo fringilla, quam purus sollicitudin sapien, eu pellentesque enim mauris imperdiet nisi. Nulla quis massa nec nisl congue porta. Aliquam placerat, sem eget venenatis ultricies, sem odio ullamcorper nisi, ac efficitur lorem sem sit amet lacus. Vestibulum ullamcorper sapien sit amet gravida blandit. Sed enim arcu, placerat nec laoreet fermentum, pretium et dui. Nulla a sagittis justo, in consectetur mi. Fusce sollicitudin enim sit amet est suscipit posuere.</p><p>Aenean interdum nulla dignissim, lacinia arcu quis, mollis massa. Nulla facilisi. Mauris et enim elit. Aenean ut mi vehicula diam consectetur mattis eget ac purus. Quisque interdum velit vel fermentum sodales. Cras convallis, neque vel lacinia eleifend, nisl odio ultricies odio, vel tincidunt urna orci vitae ligula. Integer efficitur condimentum neque ac porttitor. Phasellus sit amet tincidunt nisl, at finibus nisi.</p>\", \"id\": \"0fc4ff3d-567c-45b5-8f4a-cadda6d31b26\"}]}, \"id\": \"f5613bf0-4556-4774-849f-a101acc81511\"}]}, \"id\": \"8afa46ee-b781-4ff8-96bd-a9e52f6e9844\"}, {\"type\": \"html\", \"value\": \"<br></br>\", \"id\": \"92de1850-10f2-421c-87d7-772258ca0d5a\"}, {\"type\": \"cardgrid\", \"value\": {\"settings\": {\"custom_template\": \"\", \"custom_css_class\": \"\", \"custom_id\": \"\"}, \"fluid\": false, \"content\": [{\"type\": \"card\", \"value\": {\"settings\": {\"custom_template\": \"\", \"custom_css_class\": \"\", \"custom_id\": \"\"}, \"image\": null, \"title\": \"Lorem Ipsum\", \"subtitle\": \"Dolor Sit Amet\", \"description\": \"<p>Consectetur adipiscing elit. Nullam bibendum quam sed nisl luctus semper. Vivamus tincidunt fermentum pretium. Mauris scelerisque quam nec purus tempor pulvinar rhoncus sit amet lacus. Duis diam tellus, consequat viverra fermentum sed, faucibus quis magna. Aenean sodales nisi ac semper accumsan. Nam iaculis metus at justo consectetur posuere. Praesent molestie metus et nisl elementum, in commodo nulla pretium. Donec egestas mi at turpis accumsan, euismod bibendum quam varius. Vestibulum ante ipsum primis in faucibus orci luctus et ultrices posuere cubilia Curae; Pellentesque sodales consequat libero non scelerisque. In et feugiat ipsum. Suspendisse a aliquam velit, in hendrerit purus. Aliquam sollicitudin tempor augue a porta. Curabitur vitae aliquet enim. </p>\", \"links\": []}, \"id\": \"6e6063fe-d70d-4136-a048-db6def14308c\"}, {\"type\": \"card\", \"value\": {\"settings\": {\"custom_template\": \"\", \"custom_css_class\": \"\", \"custom_id\": \"\"}, \"image\": null, \"title\": \"\", \"subtitle\": \"\", \"description\": \"<p>Consectetur adipiscing elit. Nullam bibendum quam sed nisl luctus semper. Vivamus tincidunt fermentum pretium. Mauris scelerisque quam nec purus tempor pulvinar rhoncus sit amet lacus. Duis diam tellus, consequat viverra fermentum sed, faucibus quis magna. Aenean sodales nisi ac semper accumsan. Nam iaculis metus at justo consectetur posuere. Praesent molestie metus et nisl elementum, in commodo nulla pretium. Donec egestas mi at turpis accumsan, euismod bibendum quam varius. Vestibulum ante ipsum primis in faucibus orci luctus et ultrices posuere cubilia Curae; Pellentesque sodales consequat libero non scelerisque. In et feugiat ipsum. Suspendisse a aliquam velit, in hendrerit purus. Aliquam sollicitudin tempor augue a porta. Curabitur vitae aliquet enim. </p>\", \"links\": []}, \"id\": \"c08195e2-4b7c-4f2f-8f46-f5a33123e3d2\"}, {\"type\": \"card\", \"value\": {\"settings\": {\"custom_template\": \"\", \"custom_css_class\": \"\", \"custom_id\": \"\"}, \"image\": null, \"title\": \"Lorem Ipsum\", \"subtitle\": \"Dolor Sit Amet\", \"description\": \"<p>Consectetur adipiscing elit. Nullam bibendum quam sed nisl luctus semper. Vivamus tincidunt fermentum pretium. Mauris scelerisque quam nec purus tempor pulvinar rhoncus sit amet lacus. Duis diam tellus, consequat viverra fermentum sed, faucibus quis magna. Aenean sodales nisi ac semper accumsan. Nam iaculis metus at justo consectetur posuere. Praesent molestie metus et nisl elementum, in commodo nulla pretium. Donec egestas mi at turpis accumsan, euismod bibendum quam varius. Vestibulum ante ipsum primis in faucibus orci luctus et ultrices posuere cubilia Curae; Pellentesque sodales consequat libero non scelerisque. In et feugiat ipsum. Suspendisse a aliquam velit, in hendrerit purus. Aliquam sollicitudin tempor augue a porta. Curabitur vitae aliquet enim. </p>\", \"links\": []}, \"id\": \"8cb267d5-78ab-4aae-95ad-e7b63ffadb3a\"}]}, \"id\": \"dcc2c8df-04c6-41bc-9e1c-489aae45a15d\"}]", "tagged_items": [], "index_classifiers": [], "classifier_terms": []}',NULL,3,1,'2020-01-28 07:32:32.096685');
INSERT INTO wagtailcore_pagerevision VALUES(7,0,'{"pk": 3, "path": "00010001", "depth": 2, "numchild": 1, "title": "Home", "draft_title": "Home", "slug": "home", "content_type": 5, "live": true, "has_unpublished_changes": true, "url_path": "/home/", "owner": null, "seo_title": "", "show_in_menus": false, "search_description": "", "go_live_at": null, "expire_at": null, "expired": false, "locked": false, "first_published_at": "2020-01-28T07:18:33.005Z", "last_published_at": "2020-01-28T07:18:33.005Z", "latest_revision_created_at": "2020-01-28T07:32:32.096Z", "live_revision": 1, "cover_image": 1, "index_show_subpages": false, "index_order_by": "", "index_num_per_page": 10, "custom_template": "coderedcms/pages/home_page.html", "og_image": null, "struct_org_type": "", "struct_org_name": "", "struct_org_logo": null, "struct_org_image": null, "struct_org_phone": "", "struct_org_address_street": "", "struct_org_address_locality": "", "struct_org_address_region": "", "struct_org_address_postal": "", "struct_org_address_country": "", "struct_org_geo_lat": null, "struct_org_geo_lng": null, "struct_org_hours": "[]", "struct_org_actions": "[]", "struct_org_extra_json": "", "content_walls": "[]", "body": "[{\"type\": \"hero\", \"value\": {\"settings\": {\"custom_template\": \"\", \"custom_css_class\": \"\", \"custom_id\": \"\"}, \"fluid\": true, \"is_parallax\": false, \"background_image\": 1, \"tile_image\": false, \"background_color\": \"\", \"foreground_color\": \"\", \"content\": [{\"type\": \"row\", \"value\": {\"settings\": {\"custom_template\": \"\", \"custom_css_class\": \"\", \"custom_id\": \"\"}, \"fluid\": false, \"content\": [{\"type\": \"content\", \"value\": {\"settings\": {\"custom_template\": \"\", \"custom_css_class\": \"\", \"custom_id\": \"\", \"column_breakpoint\": \"md\"}, \"column_size\": \"\", \"content\": [{\"type\": \"html\", \"value\": \"<h1>Welcome</h1>\", \"id\": \"c5129c73-177d-4ebe-851f-37cab3966755\"}]}, \"id\": \"42e6fb02-e0d1-4cd2-9c58-64e4b4e1e037\"}]}, \"id\": \"0ac9a526-5ba0-46a2-aec4-002d7d228542\"}]}, \"id\": \"c443a9a3-5312-4133-b051-741d78b72d14\"}, {\"type\": \"html\", \"value\": \"<br></br>\", \"id\": \"822d4706-2e6c-4b52-af90-8bd6ffe233e4\"}, {\"type\": \"row\", \"value\": {\"settings\": {\"custom_template\": \"\", \"custom_css_class\": \"\", \"custom_id\": \"\"}, \"fluid\": false, \"content\": [{\"type\": \"content\", \"value\": {\"settings\": {\"custom_template\": \"\", \"custom_css_class\": \"\", \"custom_id\": \"\", \"column_breakpoint\": \"md\"}, \"column_size\": \"\", \"content\": [{\"type\": \"text\", \"value\": \"<p></p><p>Lorem ipsum dolor sit amet, consectetur adipiscing elit. Nullam bibendum quam sed nisl luctus semper. Vivamus tincidunt fermentum pretium. Mauris scelerisque quam nec purus tempor pulvinar rhoncus sit amet lacus. Duis diam tellus, consequat viverra fermentum sed, faucibus quis magna. Aenean sodales nisi ac semper accumsan. Nam iaculis metus at justo consectetur posuere. Praesent molestie metus et nisl elementum, in commodo nulla pretium. Donec egestas mi at turpis accumsan, euismod bibendum quam varius. Vestibulum ante ipsum primis in faucibus orci luctus et ultrices posuere cubilia Curae; Pellentesque sodales consequat libero non scelerisque. In et feugiat ipsum. Suspendisse a aliquam velit, in hendrerit purus. Aliquam sollicitudin tempor augue a porta. Curabitur vitae aliquet enim.</p><p>Sed eget mollis est. Praesent sed nisi vestibulum, viverra neque a, tincidunt leo. Quisque suscipit erat leo, et vestibulum lorem dapibus ac. Nunc fringilla, lorem ac ultricies tempus, augue tellus commodo leo, sed sollicitudin augue quam in arcu. Sed pulvinar leo vitae lectus malesuada blandit. Sed convallis bibendum sem at blandit. Integer ac purus orci. Cras euismod, eros vitae dictum mollis, quam quam aliquet eros, non bibendum lectus enim a urna. Sed a scelerisque lectus, et molestie tortor. Proin sagittis, ipsum quis commodo fringilla, quam purus sollicitudin sapien, eu pellentesque enim mauris imperdiet nisi. Nulla quis massa nec nisl congue porta. Aliquam placerat, sem eget venenatis ultricies, sem odio ullamcorper nisi, ac efficitur lorem sem sit amet lacus. Vestibulum ullamcorper sapien sit amet gravida blandit. Sed enim arcu, placerat nec laoreet fermentum, pretium et dui. Nulla a sagittis justo, in consectetur mi. Fusce sollicitudin enim sit amet est suscipit posuere.</p><p>Aenean interdum nulla dignissim, lacinia arcu quis, mollis massa. Nulla facilisi. Mauris et enim elit. Aenean ut mi vehicula diam consectetur mattis eget ac purus. Quisque interdum velit vel fermentum sodales. Cras convallis, neque vel lacinia eleifend, nisl odio ultricies odio, vel tincidunt urna orci vitae ligula. Integer efficitur condimentum neque ac porttitor. Phasellus sit amet tincidunt nisl, at finibus nisi.</p>\", \"id\": \"0fc4ff3d-567c-45b5-8f4a-cadda6d31b26\"}]}, \"id\": \"f5613bf0-4556-4774-849f-a101acc81511\"}]}, \"id\": \"8afa46ee-b781-4ff8-96bd-a9e52f6e9844\"}, {\"type\": \"html\", \"value\": \"<br></br>\", \"id\": \"92de1850-10f2-421c-87d7-772258ca0d5a\"}, {\"type\": \"cardgrid\", \"value\": {\"settings\": {\"custom_template\": \"\", \"custom_css_class\": \"\", \"custom_id\": \"\"}, \"fluid\": false, \"content\": [{\"type\": \"card\", \"value\": {\"settings\": {\"custom_template\": \"\", \"custom_css_class\": \"\", \"custom_id\": \"\"}, \"image\": null, \"title\": \"Lorem Ipsum\", \"subtitle\": \"Dolor Sit Amet\", \"description\": \"<p>Consectetur adipiscing elit. Nullam bibendum quam sed nisl luctus semper. Vivamus tincidunt fermentum pretium. Mauris scelerisque quam nec purus tempor pulvinar rhoncus sit amet lacus. Duis diam tellus, consequat viverra fermentum sed, faucibus quis magna. Aenean sodales nisi ac semper accumsan. Nam iaculis metus at justo consectetur posuere. Praesent molestie metus et nisl elementum, in commodo nulla pretium. Donec egestas mi at turpis accumsan, euismod bibendum quam varius. Vestibulum ante ipsum primis in faucibus orci luctus et ultrices posuere cubilia Curae; Pellentesque sodales consequat libero non scelerisque. In et feugiat ipsum. Suspendisse a aliquam velit, in hendrerit purus. Aliquam sollicitudin tempor augue a porta. Curabitur vitae aliquet enim.</p>\", \"links\": []}, \"id\": \"6e6063fe-d70d-4136-a048-db6def14308c\"}, {\"type\": \"card\", \"value\": {\"settings\": {\"custom_template\": \"\", \"custom_css_class\": \"\", \"custom_id\": \"\"}, \"image\": null, \"title\": \"\", \"subtitle\": \"\", \"description\": \"<p>Consectetur adipiscing elit. Nullam bibendum quam sed nisl luctus semper. Vivamus tincidunt fermentum pretium. Mauris scelerisque quam nec purus tempor pulvinar rhoncus sit amet lacus. Duis diam tellus, consequat viverra fermentum sed, faucibus quis magna. Aenean sodales nisi ac semper accumsan. Nam iaculis metus at justo consectetur posuere. Praesent molestie metus et nisl elementum, in commodo nulla pretium. Donec egestas mi at turpis accumsan, euismod bibendum quam varius. Vestibulum ante ipsum primis in faucibus orci luctus et ultrices posuere cubilia Curae; Pellentesque sodales consequat libero non scelerisque. In et feugiat ipsum. Suspendisse a aliquam velit, in hendrerit purus. Aliquam sollicitudin tempor augue a porta. Curabitur vitae aliquet enim.</p>\", \"links\": []}, \"id\": \"c08195e2-4b7c-4f2f-8f46-f5a33123e3d2\"}, {\"type\": \"card\", \"value\": {\"settings\": {\"custom_template\": \"\", \"custom_css_class\": \"\", \"custom_id\": \"\"}, \"image\": null, \"title\": \"Lorem Ipsum\", \"subtitle\": \"Dolor Sit Amet\", \"description\": \"<p>Consectetur adipiscing elit. Nullam bibendum quam sed nisl luctus semper. Vivamus tincidunt fermentum pretium. Mauris scelerisque quam nec purus tempor pulvinar rhoncus sit amet lacus. Duis diam tellus, consequat viverra fermentum sed, faucibus quis magna. Aenean sodales nisi ac semper accumsan. Nam iaculis metus at justo consectetur posuere. Praesent molestie metus et nisl elementum, in commodo nulla pretium. Donec egestas mi at turpis accumsan, euismod bibendum quam varius. Vestibulum ante ipsum primis in faucibus orci luctus et ultrices posuere cubilia Curae; Pellentesque sodales consequat libero non scelerisque. In et feugiat ipsum. Suspendisse a aliquam velit, in hendrerit purus. Aliquam sollicitudin tempor augue a porta. Curabitur vitae aliquet enim.</p>\", \"links\": []}, \"id\": \"8cb267d5-78ab-4aae-95ad-e7b63ffadb3a\"}]}, \"id\": \"dcc2c8df-04c6-41bc-9e1c-489aae45a15d\"}]", "tagged_items": [], "index_classifiers": [], "classifier_terms": []}',NULL,3,1,'2020-01-28 07:32:38.499645');
INSERT INTO wagtailcore_pagerevision VALUES(8,0,'{"pk": 3, "path": "00010001", "depth": 2, "numchild": 1, "title": "Home", "draft_title": "Home", "slug": "home", "content_type": 5, "live": true, "has_unpublished_changes": false, "url_path": "/home/", "owner": null, "seo_title": "", "show_in_menus": false, "search_description": "", "go_live_at": null, "expire_at": null, "expired": false, "locked": false, "first_published_at": "2020-01-28T07:18:33.005Z", "last_published_at": "2020-01-28T07:32:38.544Z", "latest_revision_created_at": "2020-01-28T07:32:38.499Z", "live_revision": 7, "cover_image": 1, "index_show_subpages": false, "index_order_by": "", "index_num_per_page": 10, "custom_template": "coderedcms/pages/home_page.html", "og_image": null, "struct_org_type": "", "struct_org_name": "", "struct_org_logo": null, "struct_org_image": null, "struct_org_phone": "", "struct_org_address_street": "", "struct_org_address_locality": "", "struct_org_address_region": "", "struct_org_address_postal": "", "struct_org_address_country": "", "struct_org_geo_lat": null, "struct_org_geo_lng": null, "struct_org_hours": "[]", "struct_org_actions": "[]", "struct_org_extra_json": "", "content_walls": "[]", "body": "[{\"type\": \"hero\", \"value\": {\"settings\": {\"custom_template\": \"\", \"custom_css_class\": \"\", \"custom_id\": \"\"}, \"fluid\": true, \"is_parallax\": false, \"background_image\": 1, \"tile_image\": false, \"background_color\": \"\", \"foreground_color\": \"\", \"content\": [{\"type\": \"row\", \"value\": {\"settings\": {\"custom_template\": \"\", \"custom_css_class\": \"\", \"custom_id\": \"\"}, \"fluid\": false, \"content\": [{\"type\": \"content\", \"value\": {\"settings\": {\"custom_template\": \"\", \"custom_css_class\": \"\", \"custom_id\": \"\", \"column_breakpoint\": \"md\"}, \"column_size\": \"\", \"content\": [{\"type\": \"html\", \"value\": \"<h1>Welcome</h1>\", \"id\": \"c5129c73-177d-4ebe-851f-37cab3966755\"}]}, \"id\": \"42e6fb02-e0d1-4cd2-9c58-64e4b4e1e037\"}]}, \"id\": \"0ac9a526-5ba0-46a2-aec4-002d7d228542\"}]}, \"id\": \"c443a9a3-5312-4133-b051-741d78b72d14\"}, {\"type\": \"html\", \"value\": \"<br></br>\", \"id\": \"822d4706-2e6c-4b52-af90-8bd6ffe233e4\"}, {\"type\": \"row\", \"value\": {\"settings\": {\"custom_template\": \"\", \"custom_css_class\": \"\", \"custom_id\": \"\"}, \"fluid\": false, \"content\": [{\"type\": \"content\", \"value\": {\"settings\": {\"custom_template\": \"\", \"custom_css_class\": \"\", \"custom_id\": \"\", \"column_breakpoint\": \"md\"}, \"column_size\": \"\", \"content\": [{\"type\": \"text\", \"value\": \"<p></p><p>Lorem ipsum dolor sit amet, consectetur adipiscing elit. Nullam bibendum quam sed nisl luctus semper. Vivamus tincidunt fermentum pretium. Mauris scelerisque quam nec purus tempor pulvinar rhoncus sit amet lacus. Duis diam tellus, consequat viverra fermentum sed, faucibus quis magna. Aenean sodales nisi ac semper accumsan. Nam iaculis metus at justo consectetur posuere. Praesent molestie metus et nisl elementum, in commodo nulla pretium. Donec egestas mi at turpis accumsan, euismod bibendum quam varius. Vestibulum ante ipsum primis in faucibus orci luctus et ultrices posuere cubilia Curae; Pellentesque sodales consequat libero non scelerisque. In et feugiat ipsum. Suspendisse a aliquam velit, in hendrerit purus. Aliquam sollicitudin tempor augue a porta. Curabitur vitae aliquet enim.</p><p>Sed eget mollis est. Praesent sed nisi vestibulum, viverra neque a, tincidunt leo. Quisque suscipit erat leo, et vestibulum lorem dapibus ac. Nunc fringilla, lorem ac ultricies tempus, augue tellus commodo leo, sed sollicitudin augue quam in arcu. Sed pulvinar leo vitae lectus malesuada blandit. Sed convallis bibendum sem at blandit. Integer ac purus orci. Cras euismod, eros vitae dictum mollis, quam quam aliquet eros, non bibendum lectus enim a urna. Sed a scelerisque lectus, et molestie tortor. Proin sagittis, ipsum quis commodo fringilla, quam purus sollicitudin sapien, eu pellentesque enim mauris imperdiet nisi. Nulla quis massa nec nisl congue porta. Aliquam placerat, sem eget venenatis ultricies, sem odio ullamcorper nisi, ac efficitur lorem sem sit amet lacus. Vestibulum ullamcorper sapien sit amet gravida blandit. Sed enim arcu, placerat nec laoreet fermentum, pretium et dui. Nulla a sagittis justo, in consectetur mi. Fusce sollicitudin enim sit amet est suscipit posuere.</p><p>Aenean interdum nulla dignissim, lacinia arcu quis, mollis massa. Nulla facilisi. Mauris et enim elit. Aenean ut mi vehicula diam consectetur mattis eget ac purus. Quisque interdum velit vel fermentum sodales. Cras convallis, neque vel lacinia eleifend, nisl odio ultricies odio, vel tincidunt urna orci vitae ligula. Integer efficitur condimentum neque ac porttitor. Phasellus sit amet tincidunt nisl, at finibus nisi.</p>\", \"id\": \"0fc4ff3d-567c-45b5-8f4a-cadda6d31b26\"}]}, \"id\": \"f5613bf0-4556-4774-849f-a101acc81511\"}]}, \"id\": \"8afa46ee-b781-4ff8-96bd-a9e52f6e9844\"}, {\"type\": \"html\", \"value\": \"<br></br>\", \"id\": \"92de1850-10f2-421c-87d7-772258ca0d5a\"}, {\"type\": \"cardgrid\", \"value\": {\"settings\": {\"custom_template\": \"\", \"custom_css_class\": \"\", \"custom_id\": \"\"}, \"fluid\": false, \"content\": [{\"type\": \"card\", \"value\": {\"settings\": {\"custom_template\": \"\", \"custom_css_class\": \"\", \"custom_id\": \"\"}, \"image\": null, \"title\": \"Lorem Ipsum\", \"subtitle\": \"Dolor sit amet\", \"description\": \"<p>Consectetur adipiscing elit. Nullam bibendum quam sed nisl luctus semper. Vivamus tincidunt fermentum pretium. Mauris scelerisque quam nec purus tempor pulvinar rhoncus sit amet lacus. Duis diam tellus, consequat viverra fermentum sed, faucibus quis magna. Aenean sodales nisi ac semper accumsan. Nam iaculis metus at justo consectetur posuere. Praesent molestie metus et nisl elementum, in commodo nulla pretium. Donec egestas mi at turpis accumsan, euismod bibendum quam varius. Vestibulum ante ipsum primis in faucibus orci luctus et ultrices posuere cubilia Curae; Pellentesque sodales consequat libero non scelerisque. In et feugiat ipsum. Suspendisse a aliquam velit, in hendrerit purus. Aliquam sollicitudin tempor augue a porta. Curabitur vitae aliquet enim.</p>\", \"links\": []}, \"id\": \"6e6063fe-d70d-4136-a048-db6def14308c\"}, {\"type\": \"card\", \"value\": {\"settings\": {\"custom_template\": \"\", \"custom_css_class\": \"\", \"custom_id\": \"\"}, \"image\": null, \"title\": \"Lorem Ipsum\", \"subtitle\": \"Dolor sit amet\", \"description\": \"<p>Consectetur adipiscing elit. Nullam bibendum quam sed nisl luctus semper. Vivamus tincidunt fermentum pretium. Mauris scelerisque quam nec purus tempor pulvinar rhoncus sit amet lacus. Duis diam tellus, consequat viverra fermentum sed, faucibus quis magna. Aenean sodales nisi ac semper accumsan. Nam iaculis metus at justo consectetur posuere. Praesent molestie metus et nisl elementum, in commodo nulla pretium. Donec egestas mi at turpis accumsan, euismod bibendum quam varius. Vestibulum ante ipsum primis in faucibus orci luctus et ultrices posuere cubilia Curae; Pellentesque sodales consequat libero non scelerisque. In et feugiat ipsum. Suspendisse a aliquam velit, in hendrerit purus. Aliquam sollicitudin tempor augue a porta. Curabitur vitae aliquet enim.</p>\", \"links\": []}, \"id\": \"c08195e2-4b7c-4f2f-8f46-f5a33123e3d2\"}, {\"type\": \"card\", \"value\": {\"settings\": {\"custom_template\": \"\", \"custom_css_class\": \"\", \"custom_id\": \"\"}, \"image\": null, \"title\": \"Lorem Ipsum\", \"subtitle\": \"Dolor sit amet\", \"description\": \"<p>Consectetur adipiscing elit. Nullam bibendum quam sed nisl luctus semper. Vivamus tincidunt fermentum pretium. Mauris scelerisque quam nec purus tempor pulvinar rhoncus sit amet lacus. Duis diam tellus, consequat viverra fermentum sed, faucibus quis magna. Aenean sodales nisi ac semper accumsan. Nam iaculis metus at justo consectetur posuere. Praesent molestie metus et nisl elementum, in commodo nulla pretium. Donec egestas mi at turpis accumsan, euismod bibendum quam varius. Vestibulum ante ipsum primis in faucibus orci luctus et ultrices posuere cubilia Curae; Pellentesque sodales consequat libero non scelerisque. In et feugiat ipsum. Suspendisse a aliquam velit, in hendrerit purus. Aliquam sollicitudin tempor augue a porta. Curabitur vitae aliquet enim.</p>\", \"links\": []}, \"id\": \"8cb267d5-78ab-4aae-95ad-e7b63ffadb3a\"}]}, \"id\": \"dcc2c8df-04c6-41bc-9e1c-489aae45a15d\"}]", "tagged_items": [], "index_classifiers": [], "classifier_terms": []}',NULL,3,1,'2020-01-28 07:33:40.991681');
INSERT INTO wagtailcore_pagerevision VALUES(9,0,'{"pk": 3, "path": "00010001", "depth": 2, "numchild": 1, "title": "Home", "draft_title": "Home", "slug": "home", "content_type": 5, "live": true, "has_unpublished_changes": false, "url_path": "/home/", "owner": null, "seo_title": "", "show_in_menus": false, "search_description": "", "go_live_at": null, "expire_at": null, "expired": false, "locked": false, "first_published_at": "2020-01-28T07:18:33.005Z", "last_published_at": "2020-01-28T07:33:41.037Z", "latest_revision_created_at": "2020-01-28T07:33:40.991Z", "live_revision": 8, "cover_image": 1, "index_show_subpages": false, "index_order_by": "", "index_num_per_page": 10, "custom_template": "coderedcms/pages/home_page.html", "og_image": null, "struct_org_type": "", "struct_org_name": "", "struct_org_logo": null, "struct_org_image": null, "struct_org_phone": "", "struct_org_address_street": "", "struct_org_address_locality": "", "struct_org_address_region": "", "struct_org_address_postal": "", "struct_org_address_country": "", "struct_org_geo_lat": null, "struct_org_geo_lng": null, "struct_org_hours": "[]", "struct_org_actions": "[]", "struct_org_extra_json": "", "content_walls": "[]", "body": "[{\"type\": \"hero\", \"value\": {\"settings\": {\"custom_template\": \"\", \"custom_css_class\": \"\", \"custom_id\": \"\"}, \"fluid\": true, \"is_parallax\": false, \"background_image\": 1, \"tile_image\": false, \"background_color\": \"\", \"foreground_color\": \"\", \"content\": [{\"type\": \"row\", \"value\": {\"settings\": {\"custom_template\": \"\", \"custom_css_class\": \"\", \"custom_id\": \"\"}, \"fluid\": false, \"content\": [{\"type\": \"content\", \"value\": {\"settings\": {\"custom_template\": \"\", \"custom_css_class\": \"\", \"custom_id\": \"\", \"column_breakpoint\": \"md\"}, \"column_size\": \"\", \"content\": [{\"type\": \"html\", \"value\": \"<h1>Welcome</h1>\", \"id\": \"c5129c73-177d-4ebe-851f-37cab3966755\"}]}, \"id\": \"42e6fb02-e0d1-4cd2-9c58-64e4b4e1e037\"}]}, \"id\": \"0ac9a526-5ba0-46a2-aec4-002d7d228542\"}]}, \"id\": \"c443a9a3-5312-4133-b051-741d78b72d14\"}, {\"type\": \"html\", \"value\": \"<br></br>\", \"id\": \"822d4706-2e6c-4b52-af90-8bd6ffe233e4\"}, {\"type\": \"row\", \"value\": {\"settings\": {\"custom_template\": \"\", \"custom_css_class\": \"\", \"custom_id\": \"\"}, \"fluid\": false, \"content\": [{\"type\": \"content\", \"value\": {\"settings\": {\"custom_template\": \"\", \"custom_css_class\": \"\", \"custom_id\": \"\", \"column_breakpoint\": \"md\"}, \"column_size\": \"\", \"content\": [{\"type\": \"text\", \"value\": \"<p></p><p>Lorem ipsum dolor sit amet, consectetur adipiscing elit. Nullam bibendum quam sed nisl luctus semper. Vivamus tincidunt fermentum pretium. Mauris scelerisque quam nec purus tempor pulvinar rhoncus sit amet lacus. Duis diam tellus, consequat viverra fermentum sed, faucibus quis magna. Aenean sodales nisi ac semper accumsan. Nam iaculis metus at justo consectetur posuere. Praesent molestie metus et nisl elementum, in commodo nulla pretium. Donec egestas mi at turpis accumsan, euismod bibendum quam varius. Vestibulum ante ipsum primis in faucibus orci luctus et ultrices posuere cubilia Curae; Pellentesque sodales consequat libero non scelerisque. In et feugiat ipsum. Suspendisse a aliquam velit, in hendrerit purus. Aliquam sollicitudin tempor augue a porta. Curabitur vitae aliquet enim.</p><p>Sed eget mollis est. Praesent sed nisi vestibulum, viverra neque a, tincidunt leo. Quisque suscipit erat leo, et vestibulum lorem dapibus ac. Nunc fringilla, lorem ac ultricies tempus, augue tellus commodo leo, sed sollicitudin augue quam in arcu. Sed pulvinar leo vitae lectus malesuada blandit. Sed convallis bibendum sem at blandit. Integer ac purus orci. Cras euismod, eros vitae dictum mollis, quam quam aliquet eros, non bibendum lectus enim a urna. Sed a scelerisque lectus, et molestie tortor. Proin sagittis, ipsum quis commodo fringilla, quam purus sollicitudin sapien, eu pellentesque enim mauris imperdiet nisi. Nulla quis massa nec nisl congue porta. Aliquam placerat, sem eget venenatis ultricies, sem odio ullamcorper nisi, ac efficitur lorem sem sit amet lacus. Vestibulum ullamcorper sapien sit amet gravida blandit. Sed enim arcu, placerat nec laoreet fermentum, pretium et dui. Nulla a sagittis justo, in consectetur mi. Fusce sollicitudin enim sit amet est suscipit posuere.</p><p>Aenean interdum nulla dignissim, lacinia arcu quis, mollis massa. Nulla facilisi. Mauris et enim elit. Aenean ut mi vehicula diam consectetur mattis eget ac purus. Quisque interdum velit vel fermentum sodales. Cras convallis, neque vel lacinia eleifend, nisl odio ultricies odio, vel tincidunt urna orci vitae ligula. Integer efficitur condimentum neque ac porttitor. Phasellus sit amet tincidunt nisl, at finibus nisi.</p>\", \"id\": \"0fc4ff3d-567c-45b5-8f4a-cadda6d31b26\"}]}, \"id\": \"f5613bf0-4556-4774-849f-a101acc81511\"}]}, \"id\": \"8afa46ee-b781-4ff8-96bd-a9e52f6e9844\"}, {\"type\": \"html\", \"value\": \"<br></br>\", \"id\": \"92de1850-10f2-421c-87d7-772258ca0d5a\"}, {\"type\": \"cardgrid\", \"value\": {\"settings\": {\"custom_template\": \"\", \"custom_css_class\": \"\", \"custom_id\": \"\"}, \"fluid\": false, \"content\": [{\"type\": \"card\", \"value\": {\"settings\": {\"custom_template\": \"\", \"custom_css_class\": \"\", \"custom_id\": \"\"}, \"image\": null, \"title\": \"Lorem Ipsum\", \"subtitle\": \"Dolor sit amet\", \"description\": \"<p>Consectetur adipiscing elit. Nullam bibendum quam sed nisl luctus semper. Vivamus tincidunt fermentum pretium. Mauris scelerisque quam nec purus tempor pulvinar rhoncus sit amet lacus. Duis diam tellus, consequat viverra fermentum sed, faucibus quis magna. Aenean sodales nisi ac semper accumsan. Nam iaculis metus at justo consectetur posuere. Praesent molestie metus et nisl elementum, in commodo nulla pretium. Donec egestas mi at turpis accumsan, euismod bibendum quam varius. Vestibulum ante ipsum primis in faucibus orci luctus et ultrices posuere cubilia Curae; Pellentesque sodales consequat libero non scelerisque. In et feugiat ipsum. Suspendisse a aliquam velit, in hendrerit purus. Aliquam sollicitudin tempor augue a porta. Curabitur vitae aliquet enim.</p>\", \"links\": []}, \"id\": \"6e6063fe-d70d-4136-a048-db6def14308c\"}, {\"type\": \"card\", \"value\": {\"settings\": {\"custom_template\": \"\", \"custom_css_class\": \"\", \"custom_id\": \"\"}, \"image\": null, \"title\": \"Lorem Ipsum\", \"subtitle\": \"Dolor sit amet\", \"description\": \"<p>Consectetur adipiscing elit. Nullam bibendum quam sed nisl luctus semper. Vivamus tincidunt fermentum pretium. Mauris scelerisque quam nec purus tempor pulvinar rhoncus sit amet lacus. Duis diam tellus, consequat viverra fermentum sed, faucibus quis magna. Aenean sodales nisi ac semper accumsan. Nam iaculis metus at justo consectetur posuere. Praesent molestie metus et nisl elementum, in commodo nulla pretium. Donec egestas mi at turpis accumsan, euismod bibendum quam varius. Vestibulum ante ipsum primis in faucibus orci luctus et ultrices posuere cubilia Curae; Pellentesque sodales consequat libero non scelerisque. In et feugiat ipsum. Suspendisse a aliquam velit, in hendrerit purus. Aliquam sollicitudin tempor augue a porta. Curabitur vitae aliquet enim.</p>\", \"links\": []}, \"id\": \"c08195e2-4b7c-4f2f-8f46-f5a33123e3d2\"}, {\"type\": \"card\", \"value\": {\"settings\": {\"custom_template\": \"\", \"custom_css_class\": \"\", \"custom_id\": \"\"}, \"image\": null, \"title\": \"Lorem Ipsum\", \"subtitle\": \"Dolor sit amet\", \"description\": \"<p>Consectetur adipiscing elit. Nullam bibendum quam sed nisl luctus semper. Vivamus tincidunt fermentum pretium. Mauris scelerisque quam nec purus tempor pulvinar rhoncus sit amet lacus. Duis diam tellus, consequat viverra fermentum sed, faucibus quis magna. Aenean sodales nisi ac semper accumsan. Nam iaculis metus at justo consectetur posuere. Praesent molestie metus et nisl elementum, in commodo nulla pretium. Donec egestas mi at turpis accumsan, euismod bibendum quam varius. Vestibulum ante ipsum primis in faucibus orci luctus et ultrices posuere cubilia Curae; Pellentesque sodales consequat libero non scelerisque. In et feugiat ipsum. Suspendisse a aliquam velit, in hendrerit purus. Aliquam sollicitudin tempor augue a porta. Curabitur vitae aliquet enim.</p>\", \"links\": []}, \"id\": \"8cb267d5-78ab-4aae-95ad-e7b63ffadb3a\"}]}, \"id\": \"dcc2c8df-04c6-41bc-9e1c-489aae45a15d\"}, {\"type\": \"row\", \"value\": {\"settings\": {\"custom_template\": \"\", \"custom_css_class\": \"\", \"custom_id\": \"\"}, \"fluid\": false, \"content\": [{\"type\": \"content\", \"value\": {\"settings\": {\"custom_template\": \"\", \"custom_css_class\": \"\", \"custom_id\": \"\", \"column_breakpoint\": \"md\"}, \"column_size\": \"\", \"content\": [{\"type\": \"carousel\", \"value\": {\"settings\": {\"custom_template\": \"\", \"custom_css_class\": \"\", \"custom_id\": \"\"}, \"carousel\": 1}, \"id\": \"b49cb4ab-13da-4409-bace-3d307e1bd294\"}]}, \"id\": \"1b940abe-2e9f-4a17-949b-cd45dfb16dfd\"}]}, \"id\": \"6d589fce-5e5a-4edd-8e71-9edec6cba9a2\"}]", "tagged_items": [], "index_classifiers": [], "classifier_terms": []}',NULL,3,1,'2020-01-28 07:37:57.622336');
INSERT INTO wagtailcore_pagerevision VALUES(10,0,'{"pk": 3, "path": "00010001", "depth": 2, "numchild": 1, "title": "Home", "draft_title": "Home", "slug": "home", "content_type": 5, "live": true, "has_unpublished_changes": true, "url_path": "/home/", "owner": null, "seo_title": "", "show_in_menus": false, "search_description": "", "go_live_at": null, "expire_at": null, "expired": false, "locked": false, "first_published_at": "2020-01-28T07:18:33.005Z", "last_published_at": "2020-01-28T07:33:41.037Z", "latest_revision_created_at": "2020-01-28T07:37:57.622Z", "live_revision": 8, "cover_image": 1, "index_show_subpages": false, "index_order_by": "", "index_num_per_page": 10, "custom_template": "coderedcms/pages/home_page.html", "og_image": null, "struct_org_type": "", "struct_org_name": "", "struct_org_logo": null, "struct_org_image": null, "struct_org_phone": "", "struct_org_address_street": "", "struct_org_address_locality": "", "struct_org_address_region": "", "struct_org_address_postal": "", "struct_org_address_country": "", "struct_org_geo_lat": null, "struct_org_geo_lng": null, "struct_org_hours": "[]", "struct_org_actions": "[]", "struct_org_extra_json": "", "content_walls": "[]", "body": "[{\"type\": \"hero\", \"value\": {\"settings\": {\"custom_template\": \"\", \"custom_css_class\": \"\", \"custom_id\": \"\"}, \"fluid\": true, \"is_parallax\": false, \"background_image\": 1, \"tile_image\": false, \"background_color\": \"\", \"foreground_color\": \"\", \"content\": [{\"type\": \"row\", \"value\": {\"settings\": {\"custom_template\": \"\", \"custom_css_class\": \"\", \"custom_id\": \"\"}, \"fluid\": false, \"content\": [{\"type\": \"content\", \"value\": {\"settings\": {\"custom_template\": \"\", \"custom_css_class\": \"\", \"custom_id\": \"\", \"column_breakpoint\": \"md\"}, \"column_size\": \"\", \"content\": [{\"type\": \"html\", \"value\": \"<h1>Welcome</h1>\", \"id\": \"c5129c73-177d-4ebe-851f-37cab3966755\"}]}, \"id\": \"42e6fb02-e0d1-4cd2-9c58-64e4b4e1e037\"}]}, \"id\": \"0ac9a526-5ba0-46a2-aec4-002d7d228542\"}]}, \"id\": \"c443a9a3-5312-4133-b051-741d78b72d14\"}, {\"type\": \"html\", \"value\": \"<br></br>\", \"id\": \"822d4706-2e6c-4b52-af90-8bd6ffe233e4\"}, {\"type\": \"row\", \"value\": {\"settings\": {\"custom_template\": \"\", \"custom_css_class\": \"\", \"custom_id\": \"\"}, \"fluid\": false, \"content\": [{\"type\": \"content\", \"value\": {\"settings\": {\"custom_template\": \"\", \"custom_css_class\": \"\", \"custom_id\": \"\", \"column_breakpoint\": \"md\"}, \"column_size\": \"\", \"content\": [{\"type\": \"text\", \"value\": \"<p></p><p>Lorem ipsum dolor sit amet, consectetur adipiscing elit. Nullam bibendum quam sed nisl luctus semper. Vivamus tincidunt fermentum pretium. Mauris scelerisque quam nec purus tempor pulvinar rhoncus sit amet lacus. Duis diam tellus, consequat viverra fermentum sed, faucibus quis magna. Aenean sodales nisi ac semper accumsan. Nam iaculis metus at justo consectetur posuere. Praesent molestie metus et nisl elementum, in commodo nulla pretium. Donec egestas mi at turpis accumsan, euismod bibendum quam varius. Vestibulum ante ipsum primis in faucibus orci luctus et ultrices posuere cubilia Curae; Pellentesque sodales consequat libero non scelerisque. In et feugiat ipsum. Suspendisse a aliquam velit, in hendrerit purus. Aliquam sollicitudin tempor augue a porta. Curabitur vitae aliquet enim.</p><p>Sed eget mollis est. Praesent sed nisi vestibulum, viverra neque a, tincidunt leo. Quisque suscipit erat leo, et vestibulum lorem dapibus ac. Nunc fringilla, lorem ac ultricies tempus, augue tellus commodo leo, sed sollicitudin augue quam in arcu. Sed pulvinar leo vitae lectus malesuada blandit. Sed convallis bibendum sem at blandit. Integer ac purus orci. Cras euismod, eros vitae dictum mollis, quam quam aliquet eros, non bibendum lectus enim a urna. Sed a scelerisque lectus, et molestie tortor. Proin sagittis, ipsum quis commodo fringilla, quam purus sollicitudin sapien, eu pellentesque enim mauris imperdiet nisi. Nulla quis massa nec nisl congue porta. Aliquam placerat, sem eget venenatis ultricies, sem odio ullamcorper nisi, ac efficitur lorem sem sit amet lacus. Vestibulum ullamcorper sapien sit amet gravida blandit. Sed enim arcu, placerat nec laoreet fermentum, pretium et dui. Nulla a sagittis justo, in consectetur mi. Fusce sollicitudin enim sit amet est suscipit posuere.</p><p>Aenean interdum nulla dignissim, lacinia arcu quis, mollis massa. Nulla facilisi. Mauris et enim elit. Aenean ut mi vehicula diam consectetur mattis eget ac purus. Quisque interdum velit vel fermentum sodales. Cras convallis, neque vel lacinia eleifend, nisl odio ultricies odio, vel tincidunt urna orci vitae ligula. Integer efficitur condimentum neque ac porttitor. Phasellus sit amet tincidunt nisl, at finibus nisi.</p>\", \"id\": \"0fc4ff3d-567c-45b5-8f4a-cadda6d31b26\"}]}, \"id\": \"f5613bf0-4556-4774-849f-a101acc81511\"}]}, \"id\": \"8afa46ee-b781-4ff8-96bd-a9e52f6e9844\"}, {\"type\": \"html\", \"value\": \"<br></br>\", \"id\": \"92de1850-10f2-421c-87d7-772258ca0d5a\"}, {\"type\": \"cardgrid\", \"value\": {\"settings\": {\"custom_template\": \"\", \"custom_css_class\": \"\", \"custom_id\": \"\"}, \"fluid\": false, \"content\": [{\"type\": \"card\", \"value\": {\"settings\": {\"custom_template\": \"\", \"custom_css_class\": \"\", \"custom_id\": \"\"}, \"image\": null, \"title\": \"Lorem Ipsum\", \"subtitle\": \"Dolor sit amet\", \"description\": \"<p>Consectetur adipiscing elit. Nullam bibendum quam sed nisl luctus semper. Vivamus tincidunt fermentum pretium. Mauris scelerisque quam nec purus tempor pulvinar rhoncus sit amet lacus. Duis diam tellus, consequat viverra fermentum sed, faucibus quis magna. Aenean sodales nisi ac semper accumsan. Nam iaculis metus at justo consectetur posuere. Praesent molestie metus et nisl elementum, in commodo nulla pretium. Donec egestas mi at turpis accumsan, euismod bibendum quam varius. Vestibulum ante ipsum primis in faucibus orci luctus et ultrices posuere cubilia Curae; Pellentesque sodales consequat libero non scelerisque. In et feugiat ipsum. Suspendisse a aliquam velit, in hendrerit purus. Aliquam sollicitudin tempor augue a porta. Curabitur vitae aliquet enim.</p>\", \"links\": []}, \"id\": \"6e6063fe-d70d-4136-a048-db6def14308c\"}, {\"type\": \"card\", \"value\": {\"settings\": {\"custom_template\": \"\", \"custom_css_class\": \"\", \"custom_id\": \"\"}, \"image\": null, \"title\": \"Lorem Ipsum\", \"subtitle\": \"Dolor sit amet\", \"description\": \"<p>Consectetur adipiscing elit. Nullam bibendum quam sed nisl luctus semper. Vivamus tincidunt fermentum pretium. Mauris scelerisque quam nec purus tempor pulvinar rhoncus sit amet lacus. Duis diam tellus, consequat viverra fermentum sed, faucibus quis magna. Aenean sodales nisi ac semper accumsan. Nam iaculis metus at justo consectetur posuere. Praesent molestie metus et nisl elementum, in commodo nulla pretium. Donec egestas mi at turpis accumsan, euismod bibendum quam varius. Vestibulum ante ipsum primis in faucibus orci luctus et ultrices posuere cubilia Curae; Pellentesque sodales consequat libero non scelerisque. In et feugiat ipsum. Suspendisse a aliquam velit, in hendrerit purus. Aliquam sollicitudin tempor augue a porta. Curabitur vitae aliquet enim.</p>\", \"links\": []}, \"id\": \"c08195e2-4b7c-4f2f-8f46-f5a33123e3d2\"}, {\"type\": \"card\", \"value\": {\"settings\": {\"custom_template\": \"\", \"custom_css_class\": \"\", \"custom_id\": \"\"}, \"image\": null, \"title\": \"Lorem Ipsum\", \"subtitle\": \"Dolor sit amet\", \"description\": \"<p>Consectetur adipiscing elit. Nullam bibendum quam sed nisl luctus semper. Vivamus tincidunt fermentum pretium. Mauris scelerisque quam nec purus tempor pulvinar rhoncus sit amet lacus. Duis diam tellus, consequat viverra fermentum sed, faucibus quis magna. Aenean sodales nisi ac semper accumsan. Nam iaculis metus at justo consectetur posuere. Praesent molestie metus et nisl elementum, in commodo nulla pretium. Donec egestas mi at turpis accumsan, euismod bibendum quam varius. Vestibulum ante ipsum primis in faucibus orci luctus et ultrices posuere cubilia Curae; Pellentesque sodales consequat libero non scelerisque. In et feugiat ipsum. Suspendisse a aliquam velit, in hendrerit purus. Aliquam sollicitudin tempor augue a porta. Curabitur vitae aliquet enim.</p>\", \"links\": []}, \"id\": \"8cb267d5-78ab-4aae-95ad-e7b63ffadb3a\"}]}, \"id\": \"dcc2c8df-04c6-41bc-9e1c-489aae45a15d\"}, {\"type\": \"row\", \"value\": {\"settings\": {\"custom_template\": \"\", \"custom_css_class\": \"\", \"custom_id\": \"\"}, \"fluid\": false, \"content\": [{\"type\": \"content\", \"value\": {\"settings\": {\"custom_template\": \"\", \"custom_css_class\": \"\", \"custom_id\": \"\", \"column_breakpoint\": \"md\"}, \"column_size\": \"\", \"content\": [{\"type\": \"carousel\", \"value\": {\"settings\": {\"custom_template\": \"\", \"custom_css_class\": \"\", \"custom_id\": \"\"}, \"carousel\": 1}, \"id\": \"b49cb4ab-13da-4409-bace-3d307e1bd294\"}]}, \"id\": \"1b940abe-2e9f-4a17-949b-cd45dfb16dfd\"}]}, \"id\": \"6d589fce-5e5a-4edd-8e71-9edec6cba9a2\"}]", "tagged_items": [], "index_classifiers": [], "classifier_terms": []}',NULL,3,1,'2020-01-28 07:38:20.835131');
INSERT INTO wagtailcore_pagerevision VALUES(11,0,'{"pk": 3, "path": "00010001", "depth": 2, "numchild": 1, "title": "Home", "draft_title": "Home", "slug": "home", "content_type": 5, "live": true, "has_unpublished_changes": false, "url_path": "/home/", "owner": null, "seo_title": "", "show_in_menus": false, "search_description": "", "go_live_at": null, "expire_at": null, "expired": false, "locked": false, "first_published_at": "2020-01-28T07:18:33.005Z", "last_published_at": "2020-01-28T07:38:20.881Z", "latest_revision_created_at": "2020-01-28T07:38:20.835Z", "live_revision": 10, "cover_image": 1, "index_show_subpages": false, "index_order_by": "", "index_num_per_page": 10, "custom_template": "coderedcms/pages/home_page.html", "og_image": null, "struct_org_type": "", "struct_org_name": "", "struct_org_logo": null, "struct_org_image": null, "struct_org_phone": "", "struct_org_address_street": "", "struct_org_address_locality": "", "struct_org_address_region": "", "struct_org_address_postal": "", "struct_org_address_country": "", "struct_org_geo_lat": null, "struct_org_geo_lng": null, "struct_org_hours": "[]", "struct_org_actions": "[]", "struct_org_extra_json": "", "content_walls": "[]", "body": "[{\"type\": \"hero\", \"value\": {\"settings\": {\"custom_template\": \"\", \"custom_css_class\": \"\", \"custom_id\": \"\"}, \"fluid\": true, \"is_parallax\": false, \"background_image\": 1, \"tile_image\": false, \"background_color\": \"\", \"foreground_color\": \"\", \"content\": [{\"type\": \"row\", \"value\": {\"settings\": {\"custom_template\": \"\", \"custom_css_class\": \"\", \"custom_id\": \"\"}, \"fluid\": false, \"content\": [{\"type\": \"content\", \"value\": {\"settings\": {\"custom_template\": \"\", \"custom_css_class\": \"\", \"custom_id\": \"\", \"column_breakpoint\": \"md\"}, \"column_size\": \"\", \"content\": [{\"type\": \"html\", \"value\": \"<h1>Welcome</h1>\", \"id\": \"c5129c73-177d-4ebe-851f-37cab3966755\"}]}, \"id\": \"42e6fb02-e0d1-4cd2-9c58-64e4b4e1e037\"}]}, \"id\": \"0ac9a526-5ba0-46a2-aec4-002d7d228542\"}]}, \"id\": \"c443a9a3-5312-4133-b051-741d78b72d14\"}, {\"type\": \"html\", \"value\": \"<br></br>\", \"id\": \"822d4706-2e6c-4b52-af90-8bd6ffe233e4\"}, {\"type\": \"row\", \"value\": {\"settings\": {\"custom_template\": \"\", \"custom_css_class\": \"\", \"custom_id\": \"\"}, \"fluid\": false, \"content\": [{\"type\": \"content\", \"value\": {\"settings\": {\"custom_template\": \"\", \"custom_css_class\": \"\", \"custom_id\": \"\", \"column_breakpoint\": \"md\"}, \"column_size\": \"\", \"content\": [{\"type\": \"text\", \"value\": \"<p></p><p>Lorem ipsum dolor sit amet, consectetur adipiscing elit. Nullam bibendum quam sed nisl luctus semper. Vivamus tincidunt fermentum pretium. Mauris scelerisque quam nec purus tempor pulvinar rhoncus sit amet lacus. Duis diam tellus, consequat viverra fermentum sed, faucibus quis magna. Aenean sodales nisi ac semper accumsan. Nam iaculis metus at justo consectetur posuere. Praesent molestie metus et nisl elementum, in commodo nulla pretium. Donec egestas mi at turpis accumsan, euismod bibendum quam varius. Vestibulum ante ipsum primis in faucibus orci luctus et ultrices posuere cubilia Curae; Pellentesque sodales consequat libero non scelerisque. In et feugiat ipsum. Suspendisse a aliquam velit, in hendrerit purus. Aliquam sollicitudin tempor augue a porta. Curabitur vitae aliquet enim.</p><p>Sed eget mollis est. Praesent sed nisi vestibulum, viverra neque a, tincidunt leo. Quisque suscipit erat leo, et vestibulum lorem dapibus ac. Nunc fringilla, lorem ac ultricies tempus, augue tellus commodo leo, sed sollicitudin augue quam in arcu. Sed pulvinar leo vitae lectus malesuada blandit. Sed convallis bibendum sem at blandit. Integer ac purus orci. Cras euismod, eros vitae dictum mollis, quam quam aliquet eros, non bibendum lectus enim a urna. Sed a scelerisque lectus, et molestie tortor. Proin sagittis, ipsum quis commodo fringilla, quam purus sollicitudin sapien, eu pellentesque enim mauris imperdiet nisi. Nulla quis massa nec nisl congue porta. Aliquam placerat, sem eget venenatis ultricies, sem odio ullamcorper nisi, ac efficitur lorem sem sit amet lacus. Vestibulum ullamcorper sapien sit amet gravida blandit. Sed enim arcu, placerat nec laoreet fermentum, pretium et dui. Nulla a sagittis justo, in consectetur mi. Fusce sollicitudin enim sit amet est suscipit posuere.</p><p>Aenean interdum nulla dignissim, lacinia arcu quis, mollis massa. Nulla facilisi. Mauris et enim elit. Aenean ut mi vehicula diam consectetur mattis eget ac purus. Quisque interdum velit vel fermentum sodales. Cras convallis, neque vel lacinia eleifend, nisl odio ultricies odio, vel tincidunt urna orci vitae ligula. Integer efficitur condimentum neque ac porttitor. Phasellus sit amet tincidunt nisl, at finibus nisi.</p>\", \"id\": \"0fc4ff3d-567c-45b5-8f4a-cadda6d31b26\"}]}, \"id\": \"f5613bf0-4556-4774-849f-a101acc81511\"}]}, \"id\": \"8afa46ee-b781-4ff8-96bd-a9e52f6e9844\"}, {\"type\": \"html\", \"value\": \"<br></br>\", \"id\": \"92de1850-10f2-421c-87d7-772258ca0d5a\"}, {\"type\": \"cardgrid\", \"value\": {\"settings\": {\"custom_template\": \"\", \"custom_css_class\": \"\", \"custom_id\": \"\"}, \"fluid\": false, \"content\": [{\"type\": \"card\", \"value\": {\"settings\": {\"custom_template\": \"\", \"custom_css_class\": \"\", \"custom_id\": \"\"}, \"image\": null, \"title\": \"Lorem Ipsum\", \"subtitle\": \"Dolor sit amet\", \"description\": \"<p>Consectetur adipiscing elit. Nullam bibendum quam sed nisl luctus semper. Vivamus tincidunt fermentum pretium. Mauris scelerisque quam nec purus tempor pulvinar rhoncus sit amet lacus. Duis diam tellus, consequat viverra fermentum sed, faucibus quis magna. Aenean sodales nisi ac semper accumsan. Nam iaculis metus at justo consectetur posuere. Praesent molestie metus et nisl elementum, in commodo nulla pretium. Donec egestas mi at turpis accumsan, euismod bibendum quam varius. Vestibulum ante ipsum primis in faucibus orci luctus et ultrices posuere cubilia Curae; Pellentesque sodales consequat libero non scelerisque. In et feugiat ipsum. Suspendisse a aliquam velit, in hendrerit purus. Aliquam sollicitudin tempor augue a porta. Curabitur vitae aliquet enim.</p>\", \"links\": []}, \"id\": \"6e6063fe-d70d-4136-a048-db6def14308c\"}, {\"type\": \"card\", \"value\": {\"settings\": {\"custom_template\": \"\", \"custom_css_class\": \"\", \"custom_id\": \"\"}, \"image\": null, \"title\": \"Lorem Ipsum\", \"subtitle\": \"Dolor sit amet\", \"description\": \"<p>Consectetur adipiscing elit. Nullam bibendum quam sed nisl luctus semper. Vivamus tincidunt fermentum pretium. Mauris scelerisque quam nec purus tempor pulvinar rhoncus sit amet lacus. Duis diam tellus, consequat viverra fermentum sed, faucibus quis magna. Aenean sodales nisi ac semper accumsan. Nam iaculis metus at justo consectetur posuere. Praesent molestie metus et nisl elementum, in commodo nulla pretium. Donec egestas mi at turpis accumsan, euismod bibendum quam varius. Vestibulum ante ipsum primis in faucibus orci luctus et ultrices posuere cubilia Curae; Pellentesque sodales consequat libero non scelerisque. In et feugiat ipsum. Suspendisse a aliquam velit, in hendrerit purus. Aliquam sollicitudin tempor augue a porta. Curabitur vitae aliquet enim.</p>\", \"links\": []}, \"id\": \"c08195e2-4b7c-4f2f-8f46-f5a33123e3d2\"}, {\"type\": \"card\", \"value\": {\"settings\": {\"custom_template\": \"\", \"custom_css_class\": \"\", \"custom_id\": \"\"}, \"image\": null, \"title\": \"Lorem Ipsum\", \"subtitle\": \"Dolor sit amet\", \"description\": \"<p>Consectetur adipiscing elit. Nullam bibendum quam sed nisl luctus semper. Vivamus tincidunt fermentum pretium. Mauris scelerisque quam nec purus tempor pulvinar rhoncus sit amet lacus. Duis diam tellus, consequat viverra fermentum sed, faucibus quis magna. Aenean sodales nisi ac semper accumsan. Nam iaculis metus at justo consectetur posuere. Praesent molestie metus et nisl elementum, in commodo nulla pretium. Donec egestas mi at turpis accumsan, euismod bibendum quam varius. Vestibulum ante ipsum primis in faucibus orci luctus et ultrices posuere cubilia Curae; Pellentesque sodales consequat libero non scelerisque. In et feugiat ipsum. Suspendisse a aliquam velit, in hendrerit purus. Aliquam sollicitudin tempor augue a porta. Curabitur vitae aliquet enim.</p>\", \"links\": []}, \"id\": \"8cb267d5-78ab-4aae-95ad-e7b63ffadb3a\"}]}, \"id\": \"dcc2c8df-04c6-41bc-9e1c-489aae45a15d\"}, {\"type\": \"html\", \"value\": \"<br></br>\", \"id\": \"72aff93a-bb4e-4a44-9df9-315dbec9b1b4\"}, {\"type\": \"row\", \"value\": {\"settings\": {\"custom_template\": \"\", \"custom_css_class\": \"\", \"custom_id\": \"\"}, \"fluid\": false, \"content\": [{\"type\": \"content\", \"value\": {\"settings\": {\"custom_template\": \"\", \"custom_css_class\": \"\", \"custom_id\": \"\", \"column_breakpoint\": \"md\"}, \"column_size\": \"\", \"content\": [{\"type\": \"carousel\", \"value\": {\"settings\": {\"custom_template\": \"\", \"custom_css_class\": \"\", \"custom_id\": \"\"}, \"carousel\": 1}, \"id\": \"b49cb4ab-13da-4409-bace-3d307e1bd294\"}]}, \"id\": \"1b940abe-2e9f-4a17-949b-cd45dfb16dfd\"}]}, \"id\": \"6d589fce-5e5a-4edd-8e71-9edec6cba9a2\"}]", "tagged_items": [], "index_classifiers": [], "classifier_terms": []}',NULL,3,1,'2020-01-28 07:38:49.872907');
INSERT INTO wagtailcore_pagerevision VALUES(12,0,'{"pk": 8, "path": "000100010002", "depth": 3, "numchild": 0, "title": "Food", "draft_title": "Food", "slug": "food", "content_type": 6, "live": true, "has_unpublished_changes": false, "url_path": "/home/food/", "owner": 1, "seo_title": "", "show_in_menus": false, "search_description": "", "go_live_at": null, "expire_at": null, "expired": false, "locked": false, "first_published_at": null, "last_published_at": null, "latest_revision_created_at": null, "live_revision": null, "cover_image": null, "index_show_subpages": true, "index_order_by": "-date_display", "index_num_per_page": 10, "custom_template": "", "og_image": null, "struct_org_type": "", "struct_org_name": "", "struct_org_logo": null, "struct_org_image": null, "struct_org_phone": "", "struct_org_address_street": "", "struct_org_address_locality": "", "struct_org_address_region": "", "struct_org_address_postal": "", "struct_org_address_country": "", "struct_org_geo_lat": null, "struct_org_geo_lng": null, "struct_org_hours": "[]", "struct_org_actions": "[]", "struct_org_extra_json": "", "content_walls": "[]", "body": "[]", "show_images": true, "show_captions": true, "show_meta": true, "show_preview_text": true, "tagged_items": [], "index_classifiers": [], "classifier_terms": []}',NULL,8,1,'2020-01-28 07:39:46.699097');
INSERT INTO wagtailcore_pagerevision VALUES(13,0,'{"pk": 5, "path": "0001000100010001", "depth": 4, "numchild": 0, "title": "Event Article 1", "draft_title": "Event Article 1", "slug": "event-article-1", "content_type": 10, "live": true, "has_unpublished_changes": false, "url_path": "/home/event/event-article-1/", "owner": 1, "seo_title": "", "show_in_menus": false, "search_description": "", "go_live_at": null, "expire_at": null, "expired": false, "locked": false, "first_published_at": "2020-01-28T07:25:27.392Z", "last_published_at": "2020-01-28T07:25:27.392Z", "latest_revision_created_at": "2020-01-28T07:25:27.348Z", "live_revision": 3, "cover_image": 2, "index_show_subpages": false, "index_order_by": "", "index_num_per_page": 10, "custom_template": "", "og_image": null, "struct_org_type": "", "struct_org_name": "", "struct_org_logo": null, "struct_org_image": null, "struct_org_phone": "", "struct_org_address_street": "", "struct_org_address_locality": "", "struct_org_address_region": "", "struct_org_address_postal": "", "struct_org_address_country": "", "struct_org_geo_lat": null, "struct_org_geo_lng": null, "struct_org_hours": "[]", "struct_org_actions": "[]", "struct_org_extra_json": "", "content_walls": "[]", "body": "[{\"type\": \"text\", \"value\": \"<p></p><p>Lorem ipsum dolor sit amet, consectetur adipiscing elit. Nullam bibendum quam sed nisl luctus semper. Vivamus tincidunt fermentum pretium. Mauris scelerisque quam nec purus tempor pulvinar rhoncus sit amet lacus. Duis diam tellus, consequat viverra fermentum sed, faucibus quis magna. Aenean sodales nisi ac semper accumsan. Nam iaculis metus at justo consectetur posuere. Praesent molestie metus et nisl elementum, in commodo nulla pretium. Donec egestas mi at turpis accumsan, euismod bibendum quam varius. Vestibulum ante ipsum primis in faucibus orci luctus et ultrices posuere cubilia Curae; Pellentesque sodales consequat libero non scelerisque. In et feugiat ipsum. Suspendisse a aliquam velit, in hendrerit purus. Aliquam sollicitudin tempor augue a porta. Curabitur vitae aliquet enim.</p><p>Sed eget mollis est. Praesent sed nisi vestibulum, viverra neque a, tincidunt leo. Quisque suscipit erat leo, et vestibulum lorem dapibus ac. Nunc fringilla, lorem ac ultricies tempus, augue tellus commodo leo, sed sollicitudin augue quam in arcu. Sed pulvinar leo vitae lectus malesuada blandit. Sed convallis bibendum sem at blandit. Integer ac purus orci. Cras euismod, eros vitae dictum mollis, quam quam aliquet eros, non bibendum lectus enim a urna. Sed a scelerisque lectus, et molestie tortor. Proin sagittis, ipsum quis commodo fringilla, quam purus sollicitudin sapien, eu pellentesque enim mauris imperdiet nisi. Nulla quis massa nec nisl congue porta. Aliquam placerat, sem eget venenatis ultricies, sem odio ullamcorper nisi, ac efficitur lorem sem sit amet lacus. Vestibulum ullamcorper sapien sit amet gravida blandit. Sed enim arcu, placerat nec laoreet fermentum, pretium et dui. Nulla a sagittis justo, in consectetur mi. Fusce sollicitudin enim sit amet est suscipit posuere.</p><p>Aenean interdum nulla dignissim, lacinia arcu quis, mollis massa. Nulla facilisi. Mauris et enim elit. Aenean ut mi vehicula diam consectetur mattis eget ac purus. Quisque interdum velit vel fermentum sodales. Cras convallis, neque vel lacinia eleifend, nisl odio ultricies odio, vel tincidunt urna orci vitae ligula. Integer efficitur condimentum neque ac porttitor. Phasellus sit amet tincidunt nisl, at finibus nisi.</p>\", \"id\": \"76e6deca-4a89-42ca-accf-3541a5060b37\"}]", "caption": "Event 1", "author": 1, "author_display": "Yuto", "date_display": "2020-01-28", "tagged_items": [], "index_classifiers": [], "classifier_terms": [1]}',NULL,5,1,'2020-01-28 07:40:09.769498');
INSERT INTO wagtailcore_pagerevision VALUES(14,0,'{"pk": 6, "path": "0001000100010002", "depth": 4, "numchild": 0, "title": "Event Article 2", "draft_title": "Event Article 2", "slug": "event-article-2", "content_type": 10, "live": true, "has_unpublished_changes": false, "url_path": "/home/event/event-article-2/", "owner": 1, "seo_title": "", "show_in_menus": false, "search_description": "", "go_live_at": null, "expire_at": null, "expired": false, "locked": false, "first_published_at": "2020-01-28T07:27:10.518Z", "last_published_at": "2020-01-28T07:27:10.518Z", "latest_revision_created_at": "2020-01-28T07:27:10.475Z", "live_revision": 4, "cover_image": 3, "index_show_subpages": false, "index_order_by": "", "index_num_per_page": 10, "custom_template": "", "og_image": null, "struct_org_type": "", "struct_org_name": "", "struct_org_logo": null, "struct_org_image": null, "struct_org_phone": "", "struct_org_address_street": "", "struct_org_address_locality": "", "struct_org_address_region": "", "struct_org_address_postal": "", "struct_org_address_country": "", "struct_org_geo_lat": null, "struct_org_geo_lng": null, "struct_org_hours": "[]", "struct_org_actions": "[]", "struct_org_extra_json": "", "content_walls": "[]", "body": "[{\"type\": \"text\", \"value\": \"<p></p><p>Lorem ipsum dolor sit amet, consectetur adipiscing elit. Nullam bibendum quam sed nisl luctus semper. Vivamus tincidunt fermentum pretium. Mauris scelerisque quam nec purus tempor pulvinar rhoncus sit amet lacus. Duis diam tellus, consequat viverra fermentum sed, faucibus quis magna. Aenean sodales nisi ac semper accumsan. Nam iaculis metus at justo consectetur posuere. Praesent molestie metus et nisl elementum, in commodo nulla pretium. Donec egestas mi at turpis accumsan, euismod bibendum quam varius. Vestibulum ante ipsum primis in faucibus orci luctus et ultrices posuere cubilia Curae; Pellentesque sodales consequat libero non scelerisque. In et feugiat ipsum. Suspendisse a aliquam velit, in hendrerit purus. Aliquam sollicitudin tempor augue a porta. Curabitur vitae aliquet enim.</p><p>Sed eget mollis est. Praesent sed nisi vestibulum, viverra neque a, tincidunt leo. Quisque suscipit erat leo, et vestibulum lorem dapibus ac. Nunc fringilla, lorem ac ultricies tempus, augue tellus commodo leo, sed sollicitudin augue quam in arcu. Sed pulvinar leo vitae lectus malesuada blandit. Sed convallis bibendum sem at blandit. Integer ac purus orci. Cras euismod, eros vitae dictum mollis, quam quam aliquet eros, non bibendum lectus enim a urna. Sed a scelerisque lectus, et molestie tortor. Proin sagittis, ipsum quis commodo fringilla, quam purus sollicitudin sapien, eu pellentesque enim mauris imperdiet nisi. Nulla quis massa nec nisl congue porta. Aliquam placerat, sem eget venenatis ultricies, sem odio ullamcorper nisi, ac efficitur lorem sem sit amet lacus. Vestibulum ullamcorper sapien sit amet gravida blandit. Sed enim arcu, placerat nec laoreet fermentum, pretium et dui. Nulla a sagittis justo, in consectetur mi. Fusce sollicitudin enim sit amet est suscipit posuere.</p><p>Aenean interdum nulla dignissim, lacinia arcu quis, mollis massa. Nulla facilisi. Mauris et enim elit. Aenean ut mi vehicula diam consectetur mattis eget ac purus. Quisque interdum velit vel fermentum sodales. Cras convallis, neque vel lacinia eleifend, nisl odio ultricies odio, vel tincidunt urna orci vitae ligula. Integer efficitur condimentum neque ac porttitor. Phasellus sit amet tincidunt nisl, at finibus nisi.</p>\", \"id\": \"dbe76c76-c151-499d-920d-12a4de525156\"}]", "caption": "Event 2", "author": 1, "author_display": "Yuto", "date_display": "2020-01-16", "tagged_items": [], "index_classifiers": [], "classifier_terms": [1]}',NULL,6,1,'2020-01-28 07:40:32.411502');
INSERT INTO wagtailcore_pagerevision VALUES(15,0,'{"pk": 7, "path": "0001000100010003", "depth": 4, "numchild": 0, "title": "Event Article 3", "draft_title": "Event Article 3", "slug": "event-article-3", "content_type": 10, "live": true, "has_unpublished_changes": false, "url_path": "/home/event/event-article-3/", "owner": 1, "seo_title": "", "show_in_menus": false, "search_description": "", "go_live_at": null, "expire_at": null, "expired": false, "locked": false, "first_published_at": "2020-01-28T07:27:41.884Z", "last_published_at": "2020-01-28T07:27:41.884Z", "latest_revision_created_at": "2020-01-28T07:27:41.836Z", "live_revision": 5, "cover_image": 4, "index_show_subpages": false, "index_order_by": "", "index_num_per_page": 10, "custom_template": "", "og_image": null, "struct_org_type": "", "struct_org_name": "", "struct_org_logo": null, "struct_org_image": null, "struct_org_phone": "", "struct_org_address_street": "", "struct_org_address_locality": "", "struct_org_address_region": "", "struct_org_address_postal": "", "struct_org_address_country": "", "struct_org_geo_lat": null, "struct_org_geo_lng": null, "struct_org_hours": "[]", "struct_org_actions": "[]", "struct_org_extra_json": "", "content_walls": "[]", "body": "[{\"type\": \"text\", \"value\": \"<p></p><p>Lorem ipsum dolor sit amet, consectetur adipiscing elit. Nullam bibendum quam sed nisl luctus semper. Vivamus tincidunt fermentum pretium. Mauris scelerisque quam nec purus tempor pulvinar rhoncus sit amet lacus. Duis diam tellus, consequat viverra fermentum sed, faucibus quis magna. Aenean sodales nisi ac semper accumsan. Nam iaculis metus at justo consectetur posuere. Praesent molestie metus et nisl elementum, in commodo nulla pretium. Donec egestas mi at turpis accumsan, euismod bibendum quam varius. Vestibulum ante ipsum primis in faucibus orci luctus et ultrices posuere cubilia Curae; Pellentesque sodales consequat libero non scelerisque. In et feugiat ipsum. Suspendisse a aliquam velit, in hendrerit purus. Aliquam sollicitudin tempor augue a porta. Curabitur vitae aliquet enim.</p><p>Sed eget mollis est. Praesent sed nisi vestibulum, viverra neque a, tincidunt leo. Quisque suscipit erat leo, et vestibulum lorem dapibus ac. Nunc fringilla, lorem ac ultricies tempus, augue tellus commodo leo, sed sollicitudin augue quam in arcu. Sed pulvinar leo vitae lectus malesuada blandit. Sed convallis bibendum sem at blandit. Integer ac purus orci. Cras euismod, eros vitae dictum mollis, quam quam aliquet eros, non bibendum lectus enim a urna. Sed a scelerisque lectus, et molestie tortor. Proin sagittis, ipsum quis commodo fringilla, quam purus sollicitudin sapien, eu pellentesque enim mauris imperdiet nisi. Nulla quis massa nec nisl congue porta. Aliquam placerat, sem eget venenatis ultricies, sem odio ullamcorper nisi, ac efficitur lorem sem sit amet lacus. Vestibulum ullamcorper sapien sit amet gravida blandit. Sed enim arcu, placerat nec laoreet fermentum, pretium et dui. Nulla a sagittis justo, in consectetur mi. Fusce sollicitudin enim sit amet est suscipit posuere.</p><p>Aenean interdum nulla dignissim, lacinia arcu quis, mollis massa. Nulla facilisi. Mauris et enim elit. Aenean ut mi vehicula diam consectetur mattis eget ac purus. Quisque interdum velit vel fermentum sodales. Cras convallis, neque vel lacinia eleifend, nisl odio ultricies odio, vel tincidunt urna orci vitae ligula. Integer efficitur condimentum neque ac porttitor. Phasellus sit amet tincidunt nisl, at finibus nisi.</p>\", \"id\": \"bd39bf5e-9fa6-4cc5-89f0-07da2eaf7a7f\"}]", "caption": "Event 3", "author": 1, "author_display": "Yuto", "date_display": "2020-01-10", "tagged_items": [], "index_classifiers": [], "classifier_terms": [1]}',NULL,7,1,'2020-01-28 07:40:43.952296');
INSERT INTO wagtailcore_pagerevision VALUES(16,0,'{"pk": 9, "path": "0001000100020001", "depth": 4, "numchild": 0, "title": "Food Article 1", "draft_title": "Food Article 1", "slug": "food-article-1", "content_type": 10, "live": true, "has_unpublished_changes": false, "url_path": "/home/food/food-article-1/", "owner": 1, "seo_title": "", "show_in_menus": false, "search_description": "", "go_live_at": null, "expire_at": null, "expired": false, "locked": false, "first_published_at": null, "last_published_at": null, "latest_revision_created_at": null, "live_revision": null, "cover_image": 5, "index_show_subpages": false, "index_order_by": "", "index_num_per_page": 10, "custom_template": "", "og_image": null, "struct_org_type": "", "struct_org_name": "", "struct_org_logo": null, "struct_org_image": null, "struct_org_phone": "", "struct_org_address_street": "", "struct_org_address_locality": "", "struct_org_address_region": "", "struct_org_address_postal": "", "struct_org_address_country": "", "struct_org_geo_lat": null, "struct_org_geo_lng": null, "struct_org_hours": "[]", "struct_org_actions": "[]", "struct_org_extra_json": "", "content_walls": "[]", "body": "[{\"type\": \"text\", \"value\": \"<p> </p><p>Lorem ipsum dolor sit amet, consectetur adipiscing elit. Nullam bibendum quam sed nisl luctus semper. Vivamus tincidunt fermentum pretium. Mauris scelerisque quam nec purus tempor pulvinar rhoncus sit amet lacus. Duis diam tellus, consequat viverra fermentum sed, faucibus quis magna. Aenean sodales nisi ac semper accumsan. Nam iaculis metus at justo consectetur posuere. Praesent molestie metus et nisl elementum, in commodo nulla pretium. Donec egestas mi at turpis accumsan, euismod bibendum quam varius. Vestibulum ante ipsum primis in faucibus orci luctus et ultrices posuere cubilia Curae; Pellentesque sodales consequat libero non scelerisque. In et feugiat ipsum. Suspendisse a aliquam velit, in hendrerit purus. Aliquam sollicitudin tempor augue a porta. Curabitur vitae aliquet enim.</p><p>Sed eget mollis est. Praesent sed nisi vestibulum, viverra neque a, tincidunt leo. Quisque suscipit erat leo, et vestibulum lorem dapibus ac. Nunc fringilla, lorem ac ultricies tempus, augue tellus commodo leo, sed sollicitudin augue quam in arcu. Sed pulvinar leo vitae lectus malesuada blandit. Sed convallis bibendum sem at blandit. Integer ac purus orci. Cras euismod, eros vitae dictum mollis, quam quam aliquet eros, non bibendum lectus enim a urna. Sed a scelerisque lectus, et molestie tortor. Proin sagittis, ipsum quis commodo fringilla, quam purus sollicitudin sapien, eu pellentesque enim mauris imperdiet nisi. Nulla quis massa nec nisl congue porta. Aliquam placerat, sem eget venenatis ultricies, sem odio ullamcorper nisi, ac efficitur lorem sem sit amet lacus. Vestibulum ullamcorper sapien sit amet gravida blandit. Sed enim arcu, placerat nec laoreet fermentum, pretium et dui. Nulla a sagittis justo, in consectetur mi. Fusce sollicitudin enim sit amet est suscipit posuere.</p><p>Aenean interdum nulla dignissim, lacinia arcu quis, mollis massa. Nulla facilisi. Mauris et enim elit. Aenean ut mi vehicula diam consectetur mattis eget ac purus. Quisque interdum velit vel fermentum sodales. Cras convallis, neque vel lacinia eleifend, nisl odio ultricies odio, vel tincidunt urna orci vitae ligula. Integer efficitur condimentum neque ac porttitor. Phasellus sit amet tincidunt nisl, at finibus nisi.</p>\", \"id\": \"72382244-4ac1-462a-8565-0667e376277c\"}]", "caption": "Food 1", "author": 1, "author_display": "Yuto", "date_display": "2020-01-28", "tagged_items": [], "index_classifiers": [], "classifier_terms": [2]}',NULL,9,1,'2020-01-28 07:41:48.622354');
INSERT INTO wagtailcore_pagerevision VALUES(17,0,'{"pk": 10, "path": "0001000100020002", "depth": 4, "numchild": 0, "title": "Food Article 2", "draft_title": "Food Article 2", "slug": "food-article-2", "content_type": 10, "live": true, "has_unpublished_changes": false, "url_path": "/home/food/food-article-2/", "owner": 1, "seo_title": "", "show_in_menus": false, "search_description": "", "go_live_at": null, "expire_at": null, "expired": false, "locked": false, "first_published_at": null, "last_published_at": null, "latest_revision_created_at": null, "live_revision": null, "cover_image": 7, "index_show_subpages": false, "index_order_by": "", "index_num_per_page": 10, "custom_template": "", "og_image": null, "struct_org_type": "", "struct_org_name": "", "struct_org_logo": null, "struct_org_image": null, "struct_org_phone": "", "struct_org_address_street": "", "struct_org_address_locality": "", "struct_org_address_region": "", "struct_org_address_postal": "", "struct_org_address_country": "", "struct_org_geo_lat": null, "struct_org_geo_lng": null, "struct_org_hours": "[]", "struct_org_actions": "[]", "struct_org_extra_json": "", "content_walls": "[]", "body": "[{\"type\": \"text\", \"value\": \"<p> </p><p>Lorem ipsum dolor sit amet, consectetur adipiscing elit. Nullam bibendum quam sed nisl luctus semper. Vivamus tincidunt fermentum pretium. Mauris scelerisque quam nec purus tempor pulvinar rhoncus sit amet lacus. Duis diam tellus, consequat viverra fermentum sed, faucibus quis magna. Aenean sodales nisi ac semper accumsan. Nam iaculis metus at justo consectetur posuere. Praesent molestie metus et nisl elementum, in commodo nulla pretium. Donec egestas mi at turpis accumsan, euismod bibendum quam varius. Vestibulum ante ipsum primis in faucibus orci luctus et ultrices posuere cubilia Curae; Pellentesque sodales consequat libero non scelerisque. In et feugiat ipsum. Suspendisse a aliquam velit, in hendrerit purus. Aliquam sollicitudin tempor augue a porta. Curabitur vitae aliquet enim.</p><p>Sed eget mollis est. Praesent sed nisi vestibulum, viverra neque a, tincidunt leo. Quisque suscipit erat leo, et vestibulum lorem dapibus ac. Nunc fringilla, lorem ac ultricies tempus, augue tellus commodo leo, sed sollicitudin augue quam in arcu. Sed pulvinar leo vitae lectus malesuada blandit. Sed convallis bibendum sem at blandit. Integer ac purus orci. Cras euismod, eros vitae dictum mollis, quam quam aliquet eros, non bibendum lectus enim a urna. Sed a scelerisque lectus, et molestie tortor. Proin sagittis, ipsum quis commodo fringilla, quam purus sollicitudin sapien, eu pellentesque enim mauris imperdiet nisi. Nulla quis massa nec nisl congue porta. Aliquam placerat, sem eget venenatis ultricies, sem odio ullamcorper nisi, ac efficitur lorem sem sit amet lacus. Vestibulum ullamcorper sapien sit amet gravida blandit. Sed enim arcu, placerat nec laoreet fermentum, pretium et dui. Nulla a sagittis justo, in consectetur mi. Fusce sollicitudin enim sit amet est suscipit posuere.</p><p>Aenean interdum nulla dignissim, lacinia arcu quis, mollis massa. Nulla facilisi. Mauris et enim elit. Aenean ut mi vehicula diam consectetur mattis eget ac purus. Quisque interdum velit vel fermentum sodales. Cras convallis, neque vel lacinia eleifend, nisl odio ultricies odio, vel tincidunt urna orci vitae ligula. Integer efficitur condimentum neque ac porttitor. Phasellus sit amet tincidunt nisl, at finibus nisi.</p>\", \"id\": \"8eb21b42-a52d-4f55-b044-a62a9cd939f9\"}]", "caption": "Food 2", "author": 1, "author_display": "Yuto", "date_display": "2020-01-18", "tagged_items": [], "index_classifiers": [], "classifier_terms": [2]}',NULL,10,1,'2020-01-28 07:42:24.657990');
INSERT INTO wagtailcore_pagerevision VALUES(18,0,'{"pk": 11, "path": "0001000100020003", "depth": 4, "numchild": 0, "title": "Food Article  3", "draft_title": "Food Article  3", "slug": "food-article-3", "content_type": 10, "live": true, "has_unpublished_changes": false, "url_path": "/home/food/food-article-3/", "owner": 1, "seo_title": "", "show_in_menus": false, "search_description": "", "go_live_at": null, "expire_at": null, "expired": false, "locked": false, "first_published_at": null, "last_published_at": null, "latest_revision_created_at": null, "live_revision": null, "cover_image": 8, "index_show_subpages": false, "index_order_by": "", "index_num_per_page": 10, "custom_template": "", "og_image": null, "struct_org_type": "", "struct_org_name": "", "struct_org_logo": null, "struct_org_image": null, "struct_org_phone": "", "struct_org_address_street": "", "struct_org_address_locality": "", "struct_org_address_region": "", "struct_org_address_postal": "", "struct_org_address_country": "", "struct_org_geo_lat": null, "struct_org_geo_lng": null, "struct_org_hours": "[]", "struct_org_actions": "[]", "struct_org_extra_json": "", "content_walls": "[]", "body": "[{\"type\": \"text\", \"value\": \"<p> </p><p>Lorem ipsum dolor sit amet, consectetur adipiscing elit. Nullam bibendum quam sed nisl luctus semper. Vivamus tincidunt fermentum pretium. Mauris scelerisque quam nec purus tempor pulvinar rhoncus sit amet lacus. Duis diam tellus, consequat viverra fermentum sed, faucibus quis magna. Aenean sodales nisi ac semper accumsan. Nam iaculis metus at justo consectetur posuere. Praesent molestie metus et nisl elementum, in commodo nulla pretium. Donec egestas mi at turpis accumsan, euismod bibendum quam varius. Vestibulum ante ipsum primis in faucibus orci luctus et ultrices posuere cubilia Curae; Pellentesque sodales consequat libero non scelerisque. In et feugiat ipsum. Suspendisse a aliquam velit, in hendrerit purus. Aliquam sollicitudin tempor augue a porta. Curabitur vitae aliquet enim.</p><p>Sed eget mollis est. Praesent sed nisi vestibulum, viverra neque a, tincidunt leo. Quisque suscipit erat leo, et vestibulum lorem dapibus ac. Nunc fringilla, lorem ac ultricies tempus, augue tellus commodo leo, sed sollicitudin augue quam in arcu. Sed pulvinar leo vitae lectus malesuada blandit. Sed convallis bibendum sem at blandit. Integer ac purus orci. Cras euismod, eros vitae dictum mollis, quam quam aliquet eros, non bibendum lectus enim a urna. Sed a scelerisque lectus, et molestie tortor. Proin sagittis, ipsum quis commodo fringilla, quam purus sollicitudin sapien, eu pellentesque enim mauris imperdiet nisi. Nulla quis massa nec nisl congue porta. Aliquam placerat, sem eget venenatis ultricies, sem odio ullamcorper nisi, ac efficitur lorem sem sit amet lacus. Vestibulum ullamcorper sapien sit amet gravida blandit. Sed enim arcu, placerat nec laoreet fermentum, pretium et dui. Nulla a sagittis justo, in consectetur mi. Fusce sollicitudin enim sit amet est suscipit posuere.</p><p>Aenean interdum nulla dignissim, lacinia arcu quis, mollis massa. Nulla facilisi. Mauris et enim elit. Aenean ut mi vehicula diam consectetur mattis eget ac purus. Quisque interdum velit vel fermentum sodales. Cras convallis, neque vel lacinia eleifend, nisl odio ultricies odio, vel tincidunt urna orci vitae ligula. Integer efficitur condimentum neque ac porttitor. Phasellus sit amet tincidunt nisl, at finibus nisi.</p>\", \"id\": \"7c5b87f3-0744-40c0-9cb9-ee3a616c8f4d\"}]", "caption": "Food 3", "author": 1, "author_display": "Yuto", "date_display": "2020-01-11", "tagged_items": [], "index_classifiers": [], "classifier_terms": [2]}',NULL,11,1,'2020-01-28 07:43:07.428975');
INSERT INTO wagtailcore_pagerevision VALUES(19,0,'{"pk": 12, "path": "000100010003", "depth": 3, "numchild": 0, "title": "Tech", "draft_title": "Tech", "slug": "tech", "content_type": 6, "live": true, "has_unpublished_changes": false, "url_path": "/home/tech/", "owner": 1, "seo_title": "", "show_in_menus": false, "search_description": "", "go_live_at": null, "expire_at": null, "expired": false, "locked": false, "first_published_at": null, "last_published_at": null, "latest_revision_created_at": null, "live_revision": null, "cover_image": null, "index_show_subpages": true, "index_order_by": "-date_display", "index_num_per_page": 10, "custom_template": "", "og_image": null, "struct_org_type": "", "struct_org_name": "", "struct_org_logo": null, "struct_org_image": null, "struct_org_phone": "", "struct_org_address_street": "", "struct_org_address_locality": "", "struct_org_address_region": "", "struct_org_address_postal": "", "struct_org_address_country": "", "struct_org_geo_lat": null, "struct_org_geo_lng": null, "struct_org_hours": "[]", "struct_org_actions": "[]", "struct_org_extra_json": "", "content_walls": "[]", "body": "[]", "show_images": true, "show_captions": true, "show_meta": true, "show_preview_text": true, "tagged_items": [], "index_classifiers": [], "classifier_terms": []}',NULL,12,1,'2020-01-28 07:43:26.659733');
INSERT INTO wagtailcore_pagerevision VALUES(20,0,'{"pk": 13, "path": "0001000100030001", "depth": 4, "numchild": 0, "title": "Tech Article", "draft_title": "Tech Article", "slug": "tech-article", "content_type": 10, "live": true, "has_unpublished_changes": false, "url_path": "/home/tech/tech-article/", "owner": 1, "seo_title": "", "show_in_menus": false, "search_description": "", "go_live_at": null, "expire_at": null, "expired": false, "locked": false, "first_published_at": null, "last_published_at": null, "latest_revision_created_at": null, "live_revision": null, "cover_image": 6, "index_show_subpages": false, "index_order_by": "", "index_num_per_page": 10, "custom_template": "", "og_image": null, "struct_org_type": "", "struct_org_name": "", "struct_org_logo": null, "struct_org_image": null, "struct_org_phone": "", "struct_org_address_street": "", "struct_org_address_locality": "", "struct_org_address_region": "", "struct_org_address_postal": "", "struct_org_address_country": "", "struct_org_geo_lat": null, "struct_org_geo_lng": null, "struct_org_hours": "[]", "struct_org_actions": "[]", "struct_org_extra_json": "", "content_walls": "[]", "body": "[{\"type\": \"text\", \"value\": \"<p> </p><p>Lorem ipsum dolor sit amet, consectetur adipiscing elit. Nullam bibendum quam sed nisl luctus semper. Vivamus tincidunt fermentum pretium. Mauris scelerisque quam nec purus tempor pulvinar rhoncus sit amet lacus. Duis diam tellus, consequat viverra fermentum sed, faucibus quis magna. Aenean sodales nisi ac semper accumsan. Nam iaculis metus at justo consectetur posuere. Praesent molestie metus et nisl elementum, in commodo nulla pretium. Donec egestas mi at turpis accumsan, euismod bibendum quam varius. Vestibulum ante ipsum primis in faucibus orci luctus et ultrices posuere cubilia Curae; Pellentesque sodales consequat libero non scelerisque. In et feugiat ipsum. Suspendisse a aliquam velit, in hendrerit purus. Aliquam sollicitudin tempor augue a porta. Curabitur vitae aliquet enim.</p><p>Sed eget mollis est. Praesent sed nisi vestibulum, viverra neque a, tincidunt leo. Quisque suscipit erat leo, et vestibulum lorem dapibus ac. Nunc fringilla, lorem ac ultricies tempus, augue tellus commodo leo, sed sollicitudin augue quam in arcu. Sed pulvinar leo vitae lectus malesuada blandit. Sed convallis bibendum sem at blandit. Integer ac purus orci. Cras euismod, eros vitae dictum mollis, quam quam aliquet eros, non bibendum lectus enim a urna. Sed a scelerisque lectus, et molestie tortor. Proin sagittis, ipsum quis commodo fringilla, quam purus sollicitudin sapien, eu pellentesque enim mauris imperdiet nisi. Nulla quis massa nec nisl congue porta. Aliquam placerat, sem eget venenatis ultricies, sem odio ullamcorper nisi, ac efficitur lorem sem sit amet lacus. Vestibulum ullamcorper sapien sit amet gravida blandit. Sed enim arcu, placerat nec laoreet fermentum, pretium et dui. Nulla a sagittis justo, in consectetur mi. Fusce sollicitudin enim sit amet est suscipit posuere.</p><p>Aenean interdum nulla dignissim, lacinia arcu quis, mollis massa. Nulla facilisi. Mauris et enim elit. Aenean ut mi vehicula diam consectetur mattis eget ac purus. Quisque interdum velit vel fermentum sodales. Cras convallis, neque vel lacinia eleifend, nisl odio ultricies odio, vel tincidunt urna orci vitae ligula. Integer efficitur condimentum neque ac porttitor. Phasellus sit amet tincidunt nisl, at finibus nisi.</p>\", \"id\": \"2b39036e-750a-4d40-81d4-1884780a5f10\"}]", "caption": "Tech 1", "author": 1, "author_display": "Yuto", "date_display": "2020-01-28", "tagged_items": [], "index_classifiers": [], "classifier_terms": [3]}',NULL,13,1,'2020-01-28 07:43:52.675955');
INSERT INTO wagtailcore_pagerevision VALUES(21,0,'{"pk": 14, "path": "0001000100030002", "depth": 4, "numchild": 0, "title": "Tech Article 2", "draft_title": "Tech Article 2", "slug": "tech-article-2", "content_type": 10, "live": true, "has_unpublished_changes": false, "url_path": "/home/tech/tech-article-2/", "owner": 1, "seo_title": "", "show_in_menus": false, "search_description": "", "go_live_at": null, "expire_at": null, "expired": false, "locked": false, "first_published_at": null, "last_published_at": null, "latest_revision_created_at": null, "live_revision": null, "cover_image": 9, "index_show_subpages": false, "index_order_by": "", "index_num_per_page": 10, "custom_template": "", "og_image": null, "struct_org_type": "", "struct_org_name": "", "struct_org_logo": null, "struct_org_image": null, "struct_org_phone": "", "struct_org_address_street": "", "struct_org_address_locality": "", "struct_org_address_region": "", "struct_org_address_postal": "", "struct_org_address_country": "", "struct_org_geo_lat": null, "struct_org_geo_lng": null, "struct_org_hours": "[]", "struct_org_actions": "[]", "struct_org_extra_json": "", "content_walls": "[]", "body": "[{\"type\": \"text\", \"value\": \"<p> </p><p>Lorem ipsum dolor sit amet, consectetur adipiscing elit. Nullam bibendum quam sed nisl luctus semper. Vivamus tincidunt fermentum pretium. Mauris scelerisque quam nec purus tempor pulvinar rhoncus sit amet lacus. Duis diam tellus, consequat viverra fermentum sed, faucibus quis magna. Aenean sodales nisi ac semper accumsan. Nam iaculis metus at justo consectetur posuere. Praesent molestie metus et nisl elementum, in commodo nulla pretium. Donec egestas mi at turpis accumsan, euismod bibendum quam varius. Vestibulum ante ipsum primis in faucibus orci luctus et ultrices posuere cubilia Curae; Pellentesque sodales consequat libero non scelerisque. In et feugiat ipsum. Suspendisse a aliquam velit, in hendrerit purus. Aliquam sollicitudin tempor augue a porta. Curabitur vitae aliquet enim.</p><p>Sed eget mollis est. Praesent sed nisi vestibulum, viverra neque a, tincidunt leo. Quisque suscipit erat leo, et vestibulum lorem dapibus ac. Nunc fringilla, lorem ac ultricies tempus, augue tellus commodo leo, sed sollicitudin augue quam in arcu. Sed pulvinar leo vitae lectus malesuada blandit. Sed convallis bibendum sem at blandit. Integer ac purus orci. Cras euismod, eros vitae dictum mollis, quam quam aliquet eros, non bibendum lectus enim a urna. Sed a scelerisque lectus, et molestie tortor. Proin sagittis, ipsum quis commodo fringilla, quam purus sollicitudin sapien, eu pellentesque enim mauris imperdiet nisi. Nulla quis massa nec nisl congue porta. Aliquam placerat, sem eget venenatis ultricies, sem odio ullamcorper nisi, ac efficitur lorem sem sit amet lacus. Vestibulum ullamcorper sapien sit amet gravida blandit. Sed enim arcu, placerat nec laoreet fermentum, pretium et dui. Nulla a sagittis justo, in consectetur mi. Fusce sollicitudin enim sit amet est suscipit posuere.</p><p>Aenean interdum nulla dignissim, lacinia arcu quis, mollis massa. Nulla facilisi. Mauris et enim elit. Aenean ut mi vehicula diam consectetur mattis eget ac purus. Quisque interdum velit vel fermentum sodales. Cras convallis, neque vel lacinia eleifend, nisl odio ultricies odio, vel tincidunt urna orci vitae ligula. Integer efficitur condimentum neque ac porttitor. Phasellus sit amet tincidunt nisl, at finibus nisi.</p>\", \"id\": \"9f3707ea-1813-4746-ba84-1706997aa810\"}]", "caption": "Tech 2", "author": 1, "author_display": "Yuto", "date_display": "2020-01-18", "tagged_items": [], "index_classifiers": [], "classifier_terms": [3]}',NULL,14,1,'2020-01-28 07:44:21.042213');
INSERT INTO wagtailcore_pagerevision VALUES(22,0,'{"pk": 13, "path": "0001000100030001", "depth": 4, "numchild": 0, "title": "Tech Article 1", "draft_title": "Tech Article", "slug": "tech-article", "content_type": 10, "live": true, "has_unpublished_changes": false, "url_path": "/home/tech/tech-article/", "owner": 1, "seo_title": "", "show_in_menus": false, "search_description": "", "go_live_at": null, "expire_at": null, "expired": false, "locked": false, "first_published_at": "2020-01-28T07:43:52.721Z", "last_published_at": "2020-01-28T07:43:52.721Z", "latest_revision_created_at": "2020-01-28T07:43:52.675Z", "live_revision": 20, "cover_image": 6, "index_show_subpages": false, "index_order_by": "", "index_num_per_page": 10, "custom_template": "", "og_image": null, "struct_org_type": "", "struct_org_name": "", "struct_org_logo": null, "struct_org_image": null, "struct_org_phone": "", "struct_org_address_street": "", "struct_org_address_locality": "", "struct_org_address_region": "", "struct_org_address_postal": "", "struct_org_address_country": "", "struct_org_geo_lat": null, "struct_org_geo_lng": null, "struct_org_hours": "[]", "struct_org_actions": "[]", "struct_org_extra_json": "", "content_walls": "[]", "body": "[{\"type\": \"text\", \"value\": \"<p></p><p>Lorem ipsum dolor sit amet, consectetur adipiscing elit. Nullam bibendum quam sed nisl luctus semper. Vivamus tincidunt fermentum pretium. Mauris scelerisque quam nec purus tempor pulvinar rhoncus sit amet lacus. Duis diam tellus, consequat viverra fermentum sed, faucibus quis magna. Aenean sodales nisi ac semper accumsan. Nam iaculis metus at justo consectetur posuere. Praesent molestie metus et nisl elementum, in commodo nulla pretium. Donec egestas mi at turpis accumsan, euismod bibendum quam varius. Vestibulum ante ipsum primis in faucibus orci luctus et ultrices posuere cubilia Curae; Pellentesque sodales consequat libero non scelerisque. In et feugiat ipsum. Suspendisse a aliquam velit, in hendrerit purus. Aliquam sollicitudin tempor augue a porta. Curabitur vitae aliquet enim.</p><p>Sed eget mollis est. Praesent sed nisi vestibulum, viverra neque a, tincidunt leo. Quisque suscipit erat leo, et vestibulum lorem dapibus ac. Nunc fringilla, lorem ac ultricies tempus, augue tellus commodo leo, sed sollicitudin augue quam in arcu. Sed pulvinar leo vitae lectus malesuada blandit. Sed convallis bibendum sem at blandit. Integer ac purus orci. Cras euismod, eros vitae dictum mollis, quam quam aliquet eros, non bibendum lectus enim a urna. Sed a scelerisque lectus, et molestie tortor. Proin sagittis, ipsum quis commodo fringilla, quam purus sollicitudin sapien, eu pellentesque enim mauris imperdiet nisi. Nulla quis massa nec nisl congue porta. Aliquam placerat, sem eget venenatis ultricies, sem odio ullamcorper nisi, ac efficitur lorem sem sit amet lacus. Vestibulum ullamcorper sapien sit amet gravida blandit. Sed enim arcu, placerat nec laoreet fermentum, pretium et dui. Nulla a sagittis justo, in consectetur mi. Fusce sollicitudin enim sit amet est suscipit posuere.</p><p>Aenean interdum nulla dignissim, lacinia arcu quis, mollis massa. Nulla facilisi. Mauris et enim elit. Aenean ut mi vehicula diam consectetur mattis eget ac purus. Quisque interdum velit vel fermentum sodales. Cras convallis, neque vel lacinia eleifend, nisl odio ultricies odio, vel tincidunt urna orci vitae ligula. Integer efficitur condimentum neque ac porttitor. Phasellus sit amet tincidunt nisl, at finibus nisi.</p>\", \"id\": \"2b39036e-750a-4d40-81d4-1884780a5f10\"}]", "caption": "Tech 1", "author": 1, "author_display": "Yuto", "date_display": "2020-01-28", "tagged_items": [], "index_classifiers": [], "classifier_terms": [3]}',NULL,13,1,'2020-01-28 07:44:27.260501');
INSERT INTO wagtailcore_pagerevision VALUES(23,0,'{"pk": 14, "path": "0001000100030002", "depth": 4, "numchild": 0, "title": "Tech Article 2", "draft_title": "Tech Article 2", "slug": "tech-article-2", "content_type": 10, "live": true, "has_unpublished_changes": false, "url_path": "/home/tech/tech-article-2/", "owner": 1, "seo_title": "", "show_in_menus": false, "search_description": "", "go_live_at": null, "expire_at": null, "expired": false, "locked": false, "first_published_at": "2020-01-28T07:44:21.088Z", "last_published_at": "2020-01-28T07:44:21.088Z", "latest_revision_created_at": "2020-01-28T07:44:21.042Z", "live_revision": 21, "cover_image": 9, "index_show_subpages": false, "index_order_by": "", "index_num_per_page": 10, "custom_template": "", "og_image": null, "struct_org_type": "", "struct_org_name": "", "struct_org_logo": null, "struct_org_image": null, "struct_org_phone": "", "struct_org_address_street": "", "struct_org_address_locality": "", "struct_org_address_region": "", "struct_org_address_postal": "", "struct_org_address_country": "", "struct_org_geo_lat": null, "struct_org_geo_lng": null, "struct_org_hours": "[]", "struct_org_actions": "[]", "struct_org_extra_json": "", "content_walls": "[]", "body": "[{\"type\": \"text\", \"value\": \"<p></p><p>Lorem ipsum dolor sit amet, consectetur adipiscing elit. Nullam bibendum quam sed nisl luctus semper. Vivamus tincidunt fermentum pretium. Mauris scelerisque quam nec purus tempor pulvinar rhoncus sit amet lacus. Duis diam tellus, consequat viverra fermentum sed, faucibus quis magna. Aenean sodales nisi ac semper accumsan. Nam iaculis metus at justo consectetur posuere. Praesent molestie metus et nisl elementum, in commodo nulla pretium. Donec egestas mi at turpis accumsan, euismod bibendum quam varius. Vestibulum ante ipsum primis in faucibus orci luctus et ultrices posuere cubilia Curae; Pellentesque sodales consequat libero non scelerisque. In et feugiat ipsum. Suspendisse a aliquam velit, in hendrerit purus. Aliquam sollicitudin tempor augue a porta. Curabitur vitae aliquet enim.</p><p>Sed eget mollis est. Praesent sed nisi vestibulum, viverra neque a, tincidunt leo. Quisque suscipit erat leo, et vestibulum lorem dapibus ac. Nunc fringilla, lorem ac ultricies tempus, augue tellus commodo leo, sed sollicitudin augue quam in arcu. Sed pulvinar leo vitae lectus malesuada blandit. Sed convallis bibendum sem at blandit. Integer ac purus orci. Cras euismod, eros vitae dictum mollis, quam quam aliquet eros, non bibendum lectus enim a urna. Sed a scelerisque lectus, et molestie tortor. Proin sagittis, ipsum quis commodo fringilla, quam purus sollicitudin sapien, eu pellentesque enim mauris imperdiet nisi. Nulla quis massa nec nisl congue porta. Aliquam placerat, sem eget venenatis ultricies, sem odio ullamcorper nisi, ac efficitur lorem sem sit amet lacus. Vestibulum ullamcorper sapien sit amet gravida blandit. Sed enim arcu, placerat nec laoreet fermentum, pretium et dui. Nulla a sagittis justo, in consectetur mi. Fusce sollicitudin enim sit amet est suscipit posuere.</p><p>Aenean interdum nulla dignissim, lacinia arcu quis, mollis massa. Nulla facilisi. Mauris et enim elit. Aenean ut mi vehicula diam consectetur mattis eget ac purus. Quisque interdum velit vel fermentum sodales. Cras convallis, neque vel lacinia eleifend, nisl odio ultricies odio, vel tincidunt urna orci vitae ligula. Integer efficitur condimentum neque ac porttitor. Phasellus sit amet tincidunt nisl, at finibus nisi.</p>\", \"id\": \"9f3707ea-1813-4746-ba84-1706997aa810\"}]", "caption": "Tech 2", "author": 1, "author_display": "Yuto", "date_display": "2020-01-18", "tagged_items": [], "index_classifiers": [], "classifier_terms": [3]}',NULL,14,1,'2020-01-28 07:44:33.769863');
INSERT INTO wagtailcore_pagerevision VALUES(24,0,'{"pk": 15, "path": "0001000100030003", "depth": 4, "numchild": 0, "title": "Tech Article 3", "draft_title": "Tech Article 3", "slug": "tech-article-3", "content_type": 10, "live": true, "has_unpublished_changes": false, "url_path": "/home/tech/tech-article-3/", "owner": 1, "seo_title": "", "show_in_menus": false, "search_description": "", "go_live_at": null, "expire_at": null, "expired": false, "locked": false, "first_published_at": null, "last_published_at": null, "latest_revision_created_at": null, "live_revision": null, "cover_image": 10, "index_show_subpages": false, "index_order_by": "", "index_num_per_page": 10, "custom_template": "", "og_image": null, "struct_org_type": "", "struct_org_name": "", "struct_org_logo": null, "struct_org_image": null, "struct_org_phone": "", "struct_org_address_street": "", "struct_org_address_locality": "", "struct_org_address_region": "", "struct_org_address_postal": "", "struct_org_address_country": "", "struct_org_geo_lat": null, "struct_org_geo_lng": null, "struct_org_hours": "[]", "struct_org_actions": "[]", "struct_org_extra_json": "", "content_walls": "[]", "body": "[{\"type\": \"text\", \"value\": \"<p> </p><p>Lorem ipsum dolor sit amet, consectetur adipiscing elit. Nullam bibendum quam sed nisl luctus semper. Vivamus tincidunt fermentum pretium. Mauris scelerisque quam nec purus tempor pulvinar rhoncus sit amet lacus. Duis diam tellus, consequat viverra fermentum sed, faucibus quis magna. Aenean sodales nisi ac semper accumsan. Nam iaculis metus at justo consectetur posuere. Praesent molestie metus et nisl elementum, in commodo nulla pretium. Donec egestas mi at turpis accumsan, euismod bibendum quam varius. Vestibulum ante ipsum primis in faucibus orci luctus et ultrices posuere cubilia Curae; Pellentesque sodales consequat libero non scelerisque. In et feugiat ipsum. Suspendisse a aliquam velit, in hendrerit purus. Aliquam sollicitudin tempor augue a porta. Curabitur vitae aliquet enim.</p><p>Sed eget mollis est. Praesent sed nisi vestibulum, viverra neque a, tincidunt leo. Quisque suscipit erat leo, et vestibulum lorem dapibus ac. Nunc fringilla, lorem ac ultricies tempus, augue tellus commodo leo, sed sollicitudin augue quam in arcu. Sed pulvinar leo vitae lectus malesuada blandit. Sed convallis bibendum sem at blandit. Integer ac purus orci. Cras euismod, eros vitae dictum mollis, quam quam aliquet eros, non bibendum lectus enim a urna. Sed a scelerisque lectus, et molestie tortor. Proin sagittis, ipsum quis commodo fringilla, quam purus sollicitudin sapien, eu pellentesque enim mauris imperdiet nisi. Nulla quis massa nec nisl congue porta. Aliquam placerat, sem eget venenatis ultricies, sem odio ullamcorper nisi, ac efficitur lorem sem sit amet lacus. Vestibulum ullamcorper sapien sit amet gravida blandit. Sed enim arcu, placerat nec laoreet fermentum, pretium et dui. Nulla a sagittis justo, in consectetur mi. Fusce sollicitudin enim sit amet est suscipit posuere.</p><p>Aenean interdum nulla dignissim, lacinia arcu quis, mollis massa. Nulla facilisi. Mauris et enim elit. Aenean ut mi vehicula diam consectetur mattis eget ac purus. Quisque interdum velit vel fermentum sodales. Cras convallis, neque vel lacinia eleifend, nisl odio ultricies odio, vel tincidunt urna orci vitae ligula. Integer efficitur condimentum neque ac porttitor. Phasellus sit amet tincidunt nisl, at finibus nisi.</p>\", \"id\": \"5d2bf44a-259f-4a03-ac73-fb1603fa62fe\"}]", "caption": "Tech 3", "author": 1, "author_display": "Yuto", "date_display": "2020-01-11", "tagged_items": [], "index_classifiers": [], "classifier_terms": [3]}',NULL,15,1,'2020-01-28 07:45:00.121624');
CREATE TABLE IF NOT EXISTS "wagtailcore_pageviewrestriction" ("id" integer NOT NULL PRIMARY KEY AUTOINCREMENT, "page_id" integer NOT NULL REFERENCES "wagtailcore_page" ("id") DEFERRABLE INITIALLY DEFERRED, "restriction_type" varchar(20) NOT NULL, "password" varchar(255) NOT NULL);
CREATE TABLE IF NOT EXISTS "wagtailcore_grouppagepermission" ("id" integer NOT NULL PRIMARY KEY AUTOINCREMENT, "group_id" integer NOT NULL REFERENCES "auth_group" ("id") DEFERRABLE INITIALLY DEFERRED, "page_id" integer NOT NULL REFERENCES "wagtailcore_page" ("id") DEFERRABLE INITIALLY DEFERRED, "permission_type" varchar(20) NOT NULL);
INSERT INTO wagtailcore_grouppagepermission VALUES(1,1,1,'add');
INSERT INTO wagtailcore_grouppagepermission VALUES(2,1,1,'edit');
INSERT INTO wagtailcore_grouppagepermission VALUES(3,1,1,'publish');
INSERT INTO wagtailcore_grouppagepermission VALUES(4,2,1,'add');
INSERT INTO wagtailcore_grouppagepermission VALUES(5,2,1,'edit');
INSERT INTO wagtailcore_grouppagepermission VALUES(6,1,1,'lock');
CREATE TABLE IF NOT EXISTS "wagtailcore_collectionviewrestriction" ("id" integer NOT NULL PRIMARY KEY AUTOINCREMENT, "restriction_type" varchar(20) NOT NULL, "password" varchar(255) NOT NULL, "collection_id" integer NOT NULL REFERENCES "wagtailcore_collection" ("id") DEFERRABLE INITIALLY DEFERRED);
CREATE TABLE IF NOT EXISTS "wagtailcore_collectionviewrestriction_groups" ("id" integer NOT NULL PRIMARY KEY AUTOINCREMENT, "collectionviewrestriction_id" integer NOT NULL REFERENCES "wagtailcore_collectionviewrestriction" ("id") DEFERRABLE INITIALLY DEFERRED, "group_id" integer NOT NULL REFERENCES "auth_group" ("id") DEFERRABLE INITIALLY DEFERRED);
CREATE TABLE IF NOT EXISTS "wagtailcore_pageviewrestriction_groups" ("id" integer NOT NULL PRIMARY KEY AUTOINCREMENT, "pageviewrestriction_id" integer NOT NULL REFERENCES "wagtailcore_pageviewrestriction" ("id") DEFERRABLE INITIALLY DEFERRED, "group_id" integer NOT NULL REFERENCES "auth_group" ("id") DEFERRABLE INITIALLY DEFERRED);
CREATE TABLE IF NOT EXISTS "wagtailcore_page" ("id" integer NOT NULL PRIMARY KEY AUTOINCREMENT, "path" varchar(255) NOT NULL UNIQUE, "depth" integer unsigned NOT NULL CHECK ("depth" >= 0), "numchild" integer unsigned NOT NULL CHECK ("numchild" >= 0), "title" varchar(255) NOT NULL, "slug" varchar(255) NOT NULL, "live" bool NOT NULL, "has_unpublished_changes" bool NOT NULL, "url_path" text NOT NULL, "seo_title" varchar(255) NOT NULL, "show_in_menus" bool NOT NULL, "search_description" text NOT NULL, "go_live_at" datetime NULL, "expire_at" datetime NULL, "expired" bool NOT NULL, "content_type_id" integer NOT NULL REFERENCES "django_content_type" ("id") DEFERRABLE INITIALLY DEFERRED, "owner_id" integer NULL REFERENCES "auth_user" ("id") DEFERRABLE INITIALLY DEFERRED, "locked" bool NOT NULL, "latest_revision_created_at" datetime NULL, "first_published_at" datetime NULL, "live_revision_id" integer NULL REFERENCES "wagtailcore_pagerevision" ("id") DEFERRABLE INITIALLY DEFERRED, "last_published_at" datetime NULL, "draft_title" varchar(255) NOT NULL);
INSERT INTO wagtailcore_page VALUES(1,'0001',1,1,'Root','root',1,0,'/','',0,'',NULL,NULL,0,1,NULL,0,NULL,NULL,NULL,NULL,'Root');
INSERT INTO wagtailcore_page VALUES(3,'00010001',2,3,'Home','home',1,0,'/home/','',0,'',NULL,NULL,0,5,NULL,0,'2020-01-28 07:38:49.872907','2020-01-28 07:18:33.005847',11,'2020-01-28 07:38:49.920943','Home');
INSERT INTO wagtailcore_page VALUES(4,'000100010001',3,3,'Event','event',1,0,'/home/event/','',0,'',NULL,NULL,0,6,1,0,'2020-01-28 07:23:36.133241','2020-01-28 07:23:36.178091',2,'2020-01-28 07:23:36.178091','Event');
INSERT INTO wagtailcore_page VALUES(5,'0001000100010001',4,0,'Event Article 1','event-article-1',1,0,'/home/event/event-article-1/','',0,'',NULL,NULL,0,10,1,0,'2020-01-28 07:40:09.769498','2020-01-28 07:25:27.392896',13,'2020-01-28 07:40:09.815911','Event Article 1');
INSERT INTO wagtailcore_page VALUES(6,'0001000100010002',4,0,'Event Article 2','event-article-2',1,0,'/home/event/event-article-2/','',0,'',NULL,NULL,0,10,1,0,'2020-01-28 07:40:32.411502','2020-01-28 07:27:10.518704',14,'2020-01-28 07:40:32.460140','Event Article 2');
INSERT INTO wagtailcore_page VALUES(7,'0001000100010003',4,0,'Event Article 3','event-article-3',1,0,'/home/event/event-article-3/','',0,'',NULL,NULL,0,10,1,0,'2020-01-28 07:40:43.952296','2020-01-28 07:27:41.884383',15,'2020-01-28 07:40:44.000024','Event Article 3');
INSERT INTO wagtailcore_page VALUES(8,'000100010002',3,3,'Food','food',1,0,'/home/food/','',0,'',NULL,NULL,0,6,1,0,'2020-01-28 07:39:46.699097','2020-01-28 07:39:46.741963',12,'2020-01-28 07:39:46.741963','Food');
INSERT INTO wagtailcore_page VALUES(9,'0001000100020001',4,0,'Food Article 1','food-article-1',1,0,'/home/food/food-article-1/','',0,'',NULL,NULL,0,10,1,0,'2020-01-28 07:41:48.622354','2020-01-28 07:41:48.670736',16,'2020-01-28 07:41:48.670736','Food Article 1');
INSERT INTO wagtailcore_page VALUES(10,'0001000100020002',4,0,'Food Article 2','food-article-2',1,0,'/home/food/food-article-2/','',0,'',NULL,NULL,0,10,1,0,'2020-01-28 07:42:24.657990','2020-01-28 07:42:24.703101',17,'2020-01-28 07:42:24.703101','Food Article 2');
INSERT INTO wagtailcore_page VALUES(11,'0001000100020003',4,0,'Food Article  3','food-article-3',1,0,'/home/food/food-article-3/','',0,'',NULL,NULL,0,10,1,0,'2020-01-28 07:43:07.428975','2020-01-28 07:43:07.474973',18,'2020-01-28 07:43:07.474973','Food Article  3');
INSERT INTO wagtailcore_page VALUES(12,'000100010003',3,3,'Tech','tech',1,0,'/home/tech/','',0,'',NULL,NULL,0,6,1,0,'2020-01-28 07:43:26.659733','2020-01-28 07:43:26.704663',19,'2020-01-28 07:43:26.704663','Tech');
INSERT INTO wagtailcore_page VALUES(13,'0001000100030001',4,0,'Tech Article 1','tech-article',1,0,'/home/tech/tech-article/','',0,'',NULL,NULL,0,10,1,0,'2020-01-28 07:44:27.260501','2020-01-28 07:43:52.721236',22,'2020-01-28 07:44:27.307695','Tech Article 1');
INSERT INTO wagtailcore_page VALUES(14,'0001000100030002',4,0,'Tech Article 2','tech-article-2',1,0,'/home/tech/tech-article-2/','',0,'',NULL,NULL,0,10,1,0,'2020-01-28 07:44:33.769863','2020-01-28 07:44:21.088245',23,'2020-01-28 07:44:33.839717','Tech Article 2');
INSERT INTO wagtailcore_page VALUES(15,'0001000100030003',4,0,'Tech Article 3','tech-article-3',1,0,'/home/tech/tech-article-3/','',0,'',NULL,NULL,0,10,1,0,'2020-01-28 07:45:00.121624','2020-01-28 07:45:00.167560',24,'2020-01-28 07:45:00.167560','Tech Article 3');
CREATE TABLE IF NOT EXISTS "taggit_tag" ("id" integer NOT NULL PRIMARY KEY AUTOINCREMENT, "name" varchar(100) NOT NULL UNIQUE, "slug" varchar(100) NOT NULL UNIQUE);
CREATE TABLE IF NOT EXISTS "taggit_taggeditem" ("id" integer NOT NULL PRIMARY KEY AUTOINCREMENT, "object_id" integer NOT NULL, "content_type_id" integer NOT NULL REFERENCES "django_content_type" ("id") DEFERRABLE INITIALLY DEFERRED, "tag_id" integer NOT NULL REFERENCES "taggit_tag" ("id") DEFERRABLE INITIALLY DEFERRED);
CREATE TABLE IF NOT EXISTS "wagtailimages_image" ("id" integer NOT NULL PRIMARY KEY AUTOINCREMENT, "title" varchar(255) NOT NULL, "file" varchar(100) NOT NULL, "width" integer NOT NULL, "height" integer NOT NULL, "created_at" datetime NOT NULL, "focal_point_x" integer unsigned NULL CHECK ("focal_point_x" >= 0), "focal_point_y" integer unsigned NULL CHECK ("focal_point_y" >= 0), "focal_point_width" integer unsigned NULL CHECK ("focal_point_width" >= 0), "focal_point_height" integer unsigned NULL CHECK ("focal_point_height" >= 0), "uploaded_by_user_id" integer NULL REFERENCES "auth_user" ("id") DEFERRABLE INITIALLY DEFERRED, "file_size" integer unsigned NULL CHECK ("file_size" >= 0), "collection_id" integer NOT NULL REFERENCES "wagtailcore_collection" ("id") DEFERRABLE INITIALLY DEFERRED, "file_hash" varchar(40) NOT NULL);
INSERT INTO wagtailimages_image VALUES(1,'black-vector-wallpaper-22.jpg','original_images/black-vector-wallpaper-22.jpg',1920,1080,'2020-01-28 07:17:45.337150',NULL,NULL,NULL,NULL,1,553873,1,'cbd8b79eb5f2e2adb57d746f7dfff20efc477440');
INSERT INTO wagtailimages_image VALUES(2,'all+events.jpg','original_images/allevents.jpg',1280,446,'2020-01-28 07:24:53.759558',NULL,NULL,NULL,NULL,1,39952,1,'2bdf4481f94b63b273a47e535ddfe2ef7b8bb1b9');
INSERT INTO wagtailimages_image VALUES(3,'aboutus.png','original_images/aboutus.png',1280,720,'2020-01-28 07:27:07.626117',NULL,NULL,NULL,NULL,1,1318248,1,'45d7315d1d5a86fc1c98bb21f4969fb2c34c12c4');
INSERT INTO wagtailimages_image VALUES(4,'FYS-EventsPageHeader-Desktop.png','original_images/FYS-EventsPageHeader-Desktop.png',2560,1000,'2020-01-28 07:27:23.149566',NULL,NULL,NULL,NULL,1,187455,1,'eb57553fe47e94531608dfa7250aacb37c8c090c');
INSERT INTO wagtailimages_image VALUES(5,'maxresdefault.jpg','original_images/maxresdefault.jpg',1280,720,'2020-01-28 07:36:23.941121',NULL,NULL,NULL,NULL,1,120887,1,'b3b756eb27d356ebbf165910899e5dcda6827e45');
INSERT INTO wagtailimages_image VALUES(6,'tech-against-trafficking-hero.jpg','original_images/tech-against-trafficking-hero.jpg',1200,400,'2020-01-28 07:37:44.315156',NULL,NULL,NULL,NULL,1,712695,1,'fe3cf76d4fd477a4f94270fb98df01c55c0f4d59');
INSERT INTO wagtailimages_image VALUES(7,'xbeEgrNvSHyJVxgOElLg_potato skins SITE-3.jpg','original_images/xbeEgrNvSHyJVxgOElLg_potato_skins_SITE-3.jpg',1025,437,'2020-01-28 07:42:05.113482',NULL,NULL,NULL,NULL,1,118342,1,'dc69a30cc0121eda78a613e86f20c2f2b85bd16b');
INSERT INTO wagtailimages_image VALUES(8,'FoodBackground.jpg','original_images/FoodBackground.jpg',2000,1333,'2020-01-28 07:42:44.711361',NULL,NULL,NULL,NULL,1,3695574,1,'8ae70b2f7eb60ebe93ab4f1ccdc9c2c333365777');
INSERT INTO wagtailimages_image VALUES(9,'5G-iPhone-in-2020-will-benefit-from-two-tech-developments.jpg','original_images/5G-iPhone-in-2020-will-benefit-from-two-tech-developments.jpg',1500,750,'2020-01-28 07:44:07.690063',NULL,NULL,NULL,NULL,1,292124,1,'84833a5a8f950fe9cb4ca2885872e3cf992c8816');
INSERT INTO wagtailimages_image VALUES(10,'home-banner.jpg','original_images/home-banner.jpg',1920,814,'2020-01-28 07:44:46.265413',NULL,NULL,NULL,NULL,1,1210256,1,'ed1112195c35d2eb985523dab5fe2275d54023c2');
CREATE TABLE IF NOT EXISTS "wagtailimages_rendition" ("id" integer NOT NULL PRIMARY KEY AUTOINCREMENT, "file" varchar(100) NOT NULL, "width" integer NOT NULL, "height" integer NOT NULL, "focal_point_key" varchar(16) NOT NULL, "filter_spec" varchar(255) NOT NULL, "image_id" integer NOT NULL REFERENCES "wagtailimages_image" ("id") DEFERRABLE INITIALLY DEFERRED);
INSERT INTO wagtailimages_rendition VALUES(1,'images/black-vector-wallpaper-22.max-165x165.jpg',165,92,'','max-165x165',1);
INSERT INTO wagtailimages_rendition VALUES(2,'images/black-vector-wallpaper-22.original.jpg',1920,1080,'','original',1);
INSERT INTO wagtailimages_rendition VALUES(3,'images/black-vector-wallpaper-22.max-2000x2000.jpg',1920,1080,'','max-2000x2000',1);
INSERT INTO wagtailimages_rendition VALUES(4,'images/allevents.max-165x165.jpg',165,57,'','max-165x165',2);
INSERT INTO wagtailimages_rendition VALUES(5,'images/allevents.2e16d0ba.fill-1000x500.jpg',892,446,'2e16d0ba','fill-1000x500',2);
INSERT INTO wagtailimages_rendition VALUES(6,'images/aboutus.max-165x165.png',165,92,'','max-165x165',3);
INSERT INTO wagtailimages_rendition VALUES(7,'images/FYS-EventsPageHeader-Desktop.max-165x165.png',165,64,'','max-165x165',4);
INSERT INTO wagtailimages_rendition VALUES(8,'images/aboutus.2e16d0ba.fill-1000x500.png',1000,500,'2e16d0ba','fill-1000x500',3);
INSERT INTO wagtailimages_rendition VALUES(9,'images/FYS-EventsPageHeader-Desktop.2e16d0ba.fill-1000x500.png',1000,500,'2e16d0ba','fill-1000x500',4);
INSERT INTO wagtailimages_rendition VALUES(10,'images/maxresdefault.max-165x165.jpg',165,92,'','max-165x165',5);
INSERT INTO wagtailimages_rendition VALUES(11,'images/tech-against-trafficking-hero.max-165x165.jpg',165,55,'','max-165x165',6);
INSERT INTO wagtailimages_rendition VALUES(12,'images/allevents.2e16d0ba.fill-2000x1000.jpg',892,446,'2e16d0ba','fill-2000x1000',2);
INSERT INTO wagtailimages_rendition VALUES(13,'images/maxresdefault.2e16d0ba.fill-2000x1000.jpg',1280,640,'2e16d0ba','fill-2000x1000',5);
INSERT INTO wagtailimages_rendition VALUES(14,'images/tech-against-trafficking-hero.2e16d0ba.fill-2000x1000.jpg',800,400,'2e16d0ba','fill-2000x1000',6);
INSERT INTO wagtailimages_rendition VALUES(15,'images/xbeEgrNvSHyJVxgOElLg_potato_skins_SITE-3.max-165x165.jpg',165,70,'','max-165x165',7);
INSERT INTO wagtailimages_rendition VALUES(16,'images/FoodBackground.max-165x165.jpg',165,109,'','max-165x165',8);
INSERT INTO wagtailimages_rendition VALUES(17,'images/5G-iPhone-in-2020-will-benefit-from-two-tech.max-165x165.jpg',165,82,'','max-165x165',9);
INSERT INTO wagtailimages_rendition VALUES(18,'images/home-banner.max-165x165.jpg',165,69,'','max-165x165',10);
INSERT INTO wagtailimages_rendition VALUES(19,'images/allevents.max-200x200.jpg',200,69,'','max-200x200',2);
INSERT INTO wagtailimages_rendition VALUES(20,'images/maxresdefault.max-200x200.jpg',200,112,'','max-200x200',5);
INSERT INTO wagtailimages_rendition VALUES(21,'images/tech-against-trafficking-hero.max-200x200.jpg',200,66,'','max-200x200',6);
INSERT INTO wagtailimages_rendition VALUES(22,'images/allevents.original.jpg',1280,446,'','original',2);
INSERT INTO wagtailimages_rendition VALUES(23,'images/allevents.2e16d0ba.fill-10000x10000.jpg',446,446,'2e16d0ba','fill-10000x10000',2);
INSERT INTO wagtailimages_rendition VALUES(24,'images/allevents.2e16d0ba.fill-40000x30000.jpg',596,446,'2e16d0ba','fill-40000x30000',2);
INSERT INTO wagtailimages_rendition VALUES(25,'images/allevents.2e16d0ba.fill-16000x9000.jpg',794,446,'2e16d0ba','fill-16000x9000',2);
INSERT INTO wagtailimages_rendition VALUES(26,'images/maxresdefault.2e16d0ba.fill-1000x500.jpg',1000,500,'2e16d0ba','fill-1000x500',5);
INSERT INTO wagtailimages_rendition VALUES(27,'images/xbeEgrNvSHyJVxgOElLg_potato_skins.2e16d0ba.fill-1000x500.jpg',875,437,'2e16d0ba','fill-1000x500',7);
INSERT INTO wagtailimages_rendition VALUES(28,'images/FoodBackground.2e16d0ba.fill-1000x500.jpg',1000,500,'2e16d0ba','fill-1000x500',8);
INSERT INTO wagtailimages_rendition VALUES(29,'images/maxresdefault.original.jpg',1280,720,'','original',5);
INSERT INTO wagtailimages_rendition VALUES(30,'images/maxresdefault.2e16d0ba.fill-10000x10000.jpg',720,720,'2e16d0ba','fill-10000x10000',5);
INSERT INTO wagtailimages_rendition VALUES(31,'images/maxresdefault.2e16d0ba.fill-40000x30000.jpg',960,720,'2e16d0ba','fill-40000x30000',5);
INSERT INTO wagtailimages_rendition VALUES(32,'images/maxresdefault.2e16d0ba.fill-16000x9000.jpg',1280,720,'2e16d0ba','fill-16000x9000',5);
INSERT INTO wagtailimages_rendition VALUES(33,'images/tech-against-trafficking-hero.2e16d0ba.fill-1000x500.jpg',800,400,'2e16d0ba','fill-1000x500',6);
INSERT INTO wagtailimages_rendition VALUES(34,'images/5G-iPhone-in-2020-will-benefit-fr.2e16d0ba.fill-1000x500.jpg',1000,500,'2e16d0ba','fill-1000x500',9);
INSERT INTO wagtailimages_rendition VALUES(35,'images/home-banner.2e16d0ba.fill-1000x500.jpg',1000,500,'2e16d0ba','fill-1000x500',10);
INSERT INTO wagtailimages_rendition VALUES(36,'images/tech-against-trafficking-hero.original.jpg',1200,400,'','original',6);
INSERT INTO wagtailimages_rendition VALUES(37,'images/tech-against-trafficking-hero.2e16d0ba.fill-10000x10000.jpg',400,400,'2e16d0ba','fill-10000x10000',6);
INSERT INTO wagtailimages_rendition VALUES(38,'images/tech-against-trafficking-hero.2e16d0ba.fill-40000x30000.jpg',534,400,'2e16d0ba','fill-40000x30000',6);
INSERT INTO wagtailimages_rendition VALUES(39,'images/tech-against-trafficking-hero.2e16d0ba.fill-16000x9000.jpg',712,400,'2e16d0ba','fill-16000x9000',6);
INSERT INTO wagtailimages_rendition VALUES(40,'images/5G-iPhone-in-2020-will-benefit-from-two-tech-de.original.jpg',1500,750,'','original',9);
INSERT INTO wagtailimages_rendition VALUES(41,'images/5G-iPhone-in-2020-will-benefit-f.2e16d0ba.fill-2000x1000.jpg',1500,750,'2e16d0ba','fill-2000x1000',9);
INSERT INTO wagtailimages_rendition VALUES(42,'images/5G-iPhone-in-2020-will-benefit.2e16d0ba.fill-10000x10000.jpg',750,750,'2e16d0ba','fill-10000x10000',9);
INSERT INTO wagtailimages_rendition VALUES(43,'images/5G-iPhone-in-2020-will-benefit.2e16d0ba.fill-40000x30000.jpg',1000,750,'2e16d0ba','fill-40000x30000',9);
INSERT INTO wagtailimages_rendition VALUES(44,'images/5G-iPhone-in-2020-will-benefit-.2e16d0ba.fill-16000x9000.jpg',1334,750,'2e16d0ba','fill-16000x9000',9);
INSERT INTO wagtailimages_rendition VALUES(45,'images/home-banner.original.jpg',1920,814,'','original',10);
INSERT INTO wagtailimages_rendition VALUES(46,'images/home-banner.2e16d0ba.fill-2000x1000.jpg',1628,814,'2e16d0ba','fill-2000x1000',10);
INSERT INTO wagtailimages_rendition VALUES(47,'images/home-banner.2e16d0ba.fill-10000x10000.jpg',814,814,'2e16d0ba','fill-10000x10000',10);
INSERT INTO wagtailimages_rendition VALUES(48,'images/home-banner.2e16d0ba.fill-40000x30000.jpg',1086,814,'2e16d0ba','fill-40000x30000',10);
INSERT INTO wagtailimages_rendition VALUES(49,'images/home-banner.2e16d0ba.fill-16000x9000.jpg',1448,814,'2e16d0ba','fill-16000x9000',10);
INSERT INTO wagtailimages_rendition VALUES(50,'images/home-banner.2e16d0ba.fill-500x500.jpg',500,500,'2e16d0ba','fill-500x500',10);
INSERT INTO wagtailimages_rendition VALUES(51,'images/5G-iPhone-in-2020-will-benefit-fro.2e16d0ba.fill-500x500.jpg',500,500,'2e16d0ba','fill-500x500',9);
INSERT INTO wagtailimages_rendition VALUES(52,'images/tech-against-trafficking-hero.2e16d0ba.fill-500x500.jpg',400,400,'2e16d0ba','fill-500x500',6);
CREATE TABLE IF NOT EXISTS "coderedcms_adasettings" ("id" integer NOT NULL PRIMARY KEY AUTOINCREMENT, "skip_navigation" bool NOT NULL, "site_id" integer NOT NULL UNIQUE REFERENCES "wagtailcore_site" ("id") DEFERRABLE INITIALLY DEFERRED);
INSERT INTO coderedcms_adasettings VALUES(1,0,2);
CREATE TABLE IF NOT EXISTS "coderedcms_analyticssettings" ("id" integer NOT NULL PRIMARY KEY AUTOINCREMENT, "ga_tracking_id" varchar(255) NOT NULL, "ga_track_button_clicks" bool NOT NULL, "site_id" integer NOT NULL UNIQUE REFERENCES "wagtailcore_site" ("id") DEFERRABLE INITIALLY DEFERRED);
INSERT INTO coderedcms_analyticssettings VALUES(1,'',0,2);
CREATE TABLE IF NOT EXISTS "coderedcms_carousel" ("id" integer NOT NULL PRIMARY KEY AUTOINCREMENT, "name" varchar(255) NOT NULL, "show_controls" bool NOT NULL, "show_indicators" bool NOT NULL, "animation" varchar(20) NOT NULL);
INSERT INTO coderedcms_carousel VALUES(1,'Categories Carousel',1,1,'');
CREATE TABLE IF NOT EXISTS "coderedcms_layoutsettings" ("id" integer NOT NULL PRIMARY KEY AUTOINCREMENT, "navbar_color_scheme" varchar(50) NOT NULL, "navbar_class" varchar(255) NOT NULL, "navbar_fixed" bool NOT NULL, "navbar_wrapper_fluid" bool NOT NULL, "navbar_content_fluid" bool NOT NULL, "navbar_collapse_mode" varchar(50) NOT NULL, "navbar_format" varchar(50) NOT NULL, "navbar_search" bool NOT NULL, "frontend_theme" varchar(50) NOT NULL, "favicon_id" integer NULL REFERENCES "wagtailimages_image" ("id") DEFERRABLE INITIALLY DEFERRED, "logo_id" integer NULL REFERENCES "wagtailimages_image" ("id") DEFERRABLE INITIALLY DEFERRED, "site_id" integer NOT NULL UNIQUE REFERENCES "wagtailcore_site" ("id") DEFERRABLE INITIALLY DEFERRED);
INSERT INTO coderedcms_layoutsettings VALUES(1,'navbar-light','bg-light',0,1,0,'navbar-expand-lg','',1,'',NULL,NULL,2);
CREATE TABLE IF NOT EXISTS "coderedcms_navbar" ("id" integer NOT NULL PRIMARY KEY AUTOINCREMENT, "name" varchar(255) NOT NULL, "custom_css_class" varchar(255) NOT NULL, "custom_id" varchar(255) NOT NULL, "menu_items" text NOT NULL);
INSERT INTO coderedcms_navbar VALUES(1,'Navbar','','','[{"type": "page_link", "value": {"settings": {"custom_template": "", "custom_css_class": "", "custom_id": ""}, "display_text": "Event", "image": null, "page": 4, "sub_links": [], "show_child_links": false}, "id": "7944e325-a204-44c8-a871-2e2c023de46f"}, {"type": "page_link", "value": {"settings": {"custom_template": "", "custom_css_class": "", "custom_id": ""}, "display_text": "Food", "image": null, "page": 8, "sub_links": [], "show_child_links": false}, "id": "2641e7b5-450c-453b-9294-b8f411a1edeb"}, {"type": "page_link", "value": {"settings": {"custom_template": "", "custom_css_class": "", "custom_id": ""}, "display_text": "Tech", "image": null, "page": 12, "sub_links": [], "show_child_links": false}, "id": "5278e8f8-7385-41f3-98f8-49eacf41bd6b"}]');
CREATE TABLE IF NOT EXISTS "coderedcms_seosettings" ("id" integer NOT NULL PRIMARY KEY AUTOINCREMENT, "og_meta" bool NOT NULL, "twitter_meta" bool NOT NULL, "struct_meta" bool NOT NULL, "amp_pages" bool NOT NULL, "site_id" integer NOT NULL UNIQUE REFERENCES "wagtailcore_site" ("id") DEFERRABLE INITIALLY DEFERRED);
INSERT INTO coderedcms_seosettings VALUES(1,1,1,1,1,2);
CREATE TABLE IF NOT EXISTS "coderedcms_socialmediasettings" ("id" integer NOT NULL PRIMARY KEY AUTOINCREMENT, "facebook" varchar(200) NOT NULL, "twitter" varchar(200) NOT NULL, "instagram" varchar(255) NOT NULL, "youtube" varchar(200) NOT NULL, "linkedin" varchar(200) NOT NULL, "googleplus" varchar(200) NOT NULL, "site_id" integer NOT NULL UNIQUE REFERENCES "wagtailcore_site" ("id") DEFERRABLE INITIALLY DEFERRED);
INSERT INTO coderedcms_socialmediasettings VALUES(1,'','','','','','',2);
CREATE TABLE IF NOT EXISTS "coderedcms_googleapisettings" ("id" integer NOT NULL PRIMARY KEY AUTOINCREMENT, "google_maps_api_key" varchar(255) NOT NULL, "site_id" integer NOT NULL UNIQUE REFERENCES "wagtailcore_site" ("id") DEFERRABLE INITIALLY DEFERRED);
CREATE TABLE IF NOT EXISTS "coderedcms_coderedtag" ("id" integer NOT NULL PRIMARY KEY AUTOINCREMENT, "content_object_id" integer NOT NULL REFERENCES "coderedcms_coderedpage" ("page_ptr_id") DEFERRABLE INITIALLY DEFERRED, "tag_id" integer NOT NULL REFERENCES "taggit_tag" ("id") DEFERRABLE INITIALLY DEFERRED);
CREATE TABLE IF NOT EXISTS "coderedcms_mailchimpapisettings" ("id" integer NOT NULL PRIMARY KEY AUTOINCREMENT, "mailchimp_api_key" varchar(255) NOT NULL, "site_id" integer NOT NULL UNIQUE REFERENCES "wagtailcore_site" ("id") DEFERRABLE INITIALLY DEFERRED);
CREATE TABLE IF NOT EXISTS "coderedcms_coderedpage" ("page_ptr_id" integer NOT NULL PRIMARY KEY REFERENCES "wagtailcore_page" ("id") DEFERRABLE INITIALLY DEFERRED, "index_show_subpages" bool NOT NULL, "index_num_per_page" integer unsigned NOT NULL CHECK ("index_num_per_page" >= 0), "custom_template" varchar(255) NOT NULL, "struct_org_type" varchar(255) NOT NULL, "struct_org_name" varchar(255) NOT NULL, "struct_org_phone" varchar(255) NOT NULL, "struct_org_address_street" varchar(255) NOT NULL, "struct_org_address_locality" varchar(255) NOT NULL, "struct_org_address_region" varchar(255) NOT NULL, "struct_org_address_postal" varchar(255) NOT NULL, "struct_org_address_country" varchar(255) NOT NULL, "struct_org_geo_lat" decimal NULL, "struct_org_geo_lng" decimal NULL, "struct_org_hours" text NOT NULL, "struct_org_actions" text NOT NULL, "struct_org_extra_json" text NOT NULL, "cover_image_id" integer NULL REFERENCES "wagtailimages_image" ("id") DEFERRABLE INITIALLY DEFERRED, "og_image_id" integer NULL REFERENCES "wagtailimages_image" ("id") DEFERRABLE INITIALLY DEFERRED, "struct_org_image_id" integer NULL REFERENCES "wagtailimages_image" ("id") DEFERRABLE INITIALLY DEFERRED, "struct_org_logo_id" integer NULL REFERENCES "wagtailimages_image" ("id") DEFERRABLE INITIALLY DEFERRED, "content_walls" text NOT NULL, "index_order_by" varchar(255) NOT NULL);
INSERT INTO coderedcms_coderedpage VALUES(3,0,10,'coderedcms/pages/home_page.html','','','','','','','','',NULL,NULL,'[]','[]','',1,NULL,NULL,NULL,'[]','');
INSERT INTO coderedcms_coderedpage VALUES(4,1,10,'','','','','','','','','',NULL,NULL,'[]','[]','',NULL,NULL,NULL,NULL,'[]','-date_display');
INSERT INTO coderedcms_coderedpage VALUES(5,0,10,'','','','','','','','','',NULL,NULL,'[]','[]','',2,NULL,NULL,NULL,'[]','');
INSERT INTO coderedcms_coderedpage VALUES(6,0,10,'','','','','','','','','',NULL,NULL,'[]','[]','',3,NULL,NULL,NULL,'[]','');
INSERT INTO coderedcms_coderedpage VALUES(7,0,10,'','','','','','','','','',NULL,NULL,'[]','[]','',4,NULL,NULL,NULL,'[]','');
INSERT INTO coderedcms_coderedpage VALUES(8,1,10,'','','','','','','','','',NULL,NULL,'[]','[]','',NULL,NULL,NULL,NULL,'[]','-date_display');
INSERT INTO coderedcms_coderedpage VALUES(9,0,10,'','','','','','','','','',NULL,NULL,'[]','[]','',5,NULL,NULL,NULL,'[]','');
INSERT INTO coderedcms_coderedpage VALUES(10,0,10,'','','','','','','','','',NULL,NULL,'[]','[]','',7,NULL,NULL,NULL,'[]','');
INSERT INTO coderedcms_coderedpage VALUES(11,0,10,'','','','','','','','','',NULL,NULL,'[]','[]','',8,NULL,NULL,NULL,'[]','');
INSERT INTO coderedcms_coderedpage VALUES(12,1,10,'','','','','','','','','',NULL,NULL,'[]','[]','',NULL,NULL,NULL,NULL,'[]','-date_display');
INSERT INTO coderedcms_coderedpage VALUES(13,0,10,'','','','','','','','','',NULL,NULL,'[]','[]','',6,NULL,NULL,NULL,'[]','');
INSERT INTO coderedcms_coderedpage VALUES(14,0,10,'','','','','','','','','',NULL,NULL,'[]','[]','',9,NULL,NULL,NULL,'[]','');
INSERT INTO coderedcms_coderedpage VALUES(15,0,10,'','','','','','','','','',NULL,NULL,'[]','[]','',10,NULL,NULL,NULL,'[]','');
CREATE TABLE IF NOT EXISTS "coderedcms_classifier" ("id" integer NOT NULL PRIMARY KEY AUTOINCREMENT, "slug" varchar(50) NOT NULL UNIQUE, "name" varchar(255) NOT NULL);
INSERT INTO coderedcms_classifier VALUES(1,'blog-category','Blog Category');
CREATE TABLE IF NOT EXISTS "coderedcms_classifierterm" ("id" integer NOT NULL PRIMARY KEY AUTOINCREMENT, "sort_order" integer NULL, "slug" varchar(50) NOT NULL UNIQUE, "name" varchar(255) NOT NULL, "classifier_id" integer NOT NULL REFERENCES "coderedcms_classifier" ("id") DEFERRABLE INITIALLY DEFERRED);
INSERT INTO coderedcms_classifierterm VALUES(1,0,'event','Event',1);
INSERT INTO coderedcms_classifierterm VALUES(2,1,'food','Food',1);
INSERT INTO coderedcms_classifierterm VALUES(3,2,'tech','Tech',1);
CREATE TABLE IF NOT EXISTS "coderedcms_coderedpage_classifier_terms" ("id" integer NOT NULL PRIMARY KEY AUTOINCREMENT, "coderedpage_id" integer NOT NULL REFERENCES "coderedcms_coderedpage" ("page_ptr_id") DEFERRABLE INITIALLY DEFERRED, "classifierterm_id" integer NOT NULL REFERENCES "coderedcms_classifierterm" ("id") DEFERRABLE INITIALLY DEFERRED);
INSERT INTO coderedcms_coderedpage_classifier_terms VALUES(1,5,1);
INSERT INTO coderedcms_coderedpage_classifier_terms VALUES(2,6,1);
INSERT INTO coderedcms_coderedpage_classifier_terms VALUES(3,7,1);
INSERT INTO coderedcms_coderedpage_classifier_terms VALUES(4,9,2);
INSERT INTO coderedcms_coderedpage_classifier_terms VALUES(5,10,2);
INSERT INTO coderedcms_coderedpage_classifier_terms VALUES(6,11,2);
INSERT INTO coderedcms_coderedpage_classifier_terms VALUES(7,13,3);
INSERT INTO coderedcms_coderedpage_classifier_terms VALUES(8,14,3);
INSERT INTO coderedcms_coderedpage_classifier_terms VALUES(9,15,3);
CREATE TABLE IF NOT EXISTS "coderedcms_coderedpage_index_classifiers" ("id" integer NOT NULL PRIMARY KEY AUTOINCREMENT, "coderedpage_id" integer NOT NULL REFERENCES "coderedcms_coderedpage" ("page_ptr_id") DEFERRABLE INITIALLY DEFERRED, "classifier_id" integer NOT NULL REFERENCES "coderedcms_classifier" ("id") DEFERRABLE INITIALLY DEFERRED);
CREATE TABLE IF NOT EXISTS "coderedcms_coderedsubmissionrevision" ("id" integer NOT NULL PRIMARY KEY AUTOINCREMENT, "type" varchar(7) NOT NULL, "created_at" datetime NOT NULL, "submission_id" text NOT NULL, "data" text NOT NULL, "summary" text NOT NULL, "submission_ct_id" integer NOT NULL REFERENCES "django_content_type" ("id") DEFERRABLE INITIALLY DEFERRED);
CREATE TABLE IF NOT EXISTS "coderedcms_coderedsessionformsubmission" ("id" integer NOT NULL PRIMARY KEY AUTOINCREMENT, "form_data" text NOT NULL, "submit_time" datetime NOT NULL, "session_key" varchar(40) NULL, "thumbnails_by_path" text NOT NULL, "last_modification" datetime NOT NULL, "status" varchar(10) NOT NULL, "page_id" integer NOT NULL REFERENCES "wagtailcore_page" ("id") DEFERRABLE INITIALLY DEFERRED, "user_id" integer NULL REFERENCES "auth_user" ("id") DEFERRABLE INITIALLY DEFERRED);
CREATE TABLE IF NOT EXISTS "coderedcms_carouselslide" ("id" integer NOT NULL PRIMARY KEY AUTOINCREMENT, "sort_order" integer NULL, "background_color" varchar(255) NOT NULL, "custom_css_class" varchar(255) NOT NULL, "custom_id" varchar(255) NOT NULL, "carousel_id" integer NOT NULL REFERENCES "coderedcms_carousel" ("id") DEFERRABLE INITIALLY DEFERRED, "image_id" integer NULL REFERENCES "wagtailimages_image" ("id") DEFERRABLE INITIALLY DEFERRED, "content" text NOT NULL);
INSERT INTO coderedcms_carouselslide VALUES(1,0,'','','',1,2,'[{"type": "text", "value": "<p>Events</p>", "id": "8f2fe651-f7f9-4e04-bf33-54c3cb351ff6"}]');
INSERT INTO coderedcms_carouselslide VALUES(2,1,'','','',1,5,'[{"type": "text", "value": "<p>Food</p>", "id": "586a54c8-594c-4bab-b555-a5fe6d1f022d"}]');
INSERT INTO coderedcms_carouselslide VALUES(3,2,'','','',1,6,'[{"type": "text", "value": "<p>Tech</p>", "id": "2016927d-755f-483f-b057-2be6c1ab3f99"}]');
CREATE TABLE IF NOT EXISTS "coderedcms_contentwall" ("id" integer NOT NULL PRIMARY KEY AUTOINCREMENT, "name" varchar(255) NOT NULL, "is_dismissible" bool NOT NULL, "show_once" bool NOT NULL, "content" text NOT NULL);
CREATE TABLE IF NOT EXISTS "coderedcms_footer" ("id" integer NOT NULL PRIMARY KEY AUTOINCREMENT, "name" varchar(255) NOT NULL, "custom_css_class" varchar(255) NOT NULL, "custom_id" varchar(255) NOT NULL, "content" text NOT NULL);
INSERT INTO coderedcms_footer VALUES(1,'Footer','','','[{"type": "html", "value": "<br></br>\r\n<br></br>\r\n<br></br>", "id": "559c2828-9440-49d2-80cf-43a0d0b1cbe9"}, {"type": "hero", "value": {"settings": {"custom_template": "", "custom_css_class": "", "custom_id": ""}, "fluid": true, "is_parallax": false, "background_image": 1, "tile_image": false, "background_color": "", "foreground_color": "", "content": [{"type": "row", "value": {"settings": {"custom_template": "", "custom_css_class": "", "custom_id": ""}, "fluid": false, "content": [{"type": "content", "value": {"settings": {"custom_template": "", "custom_css_class": "d-flex justify-content-center", "custom_id": "", "column_breakpoint": "md"}, "column_size": "", "content": [{"type": "button", "value": {"settings": {"custom_template": "", "custom_css_class": "", "custom_id": "", "ga_tracking_event_category": "", "ga_tracking_event_label": ""}, "page_link": null, "doc_link": null, "other_link": "https://github.com/yuto-dev", "button_title": "Github", "button_style": "btn-dark", "button_size": ""}, "id": "8fae2a7a-704e-430f-8c7c-22c3dded21d4"}]}, "id": "47f7e88c-53e2-4fc8-b620-9b3f7973fea4"}]}, "id": "f3bff508-fa24-4d87-9b77-45dfd4b24b57"}]}, "id": "b47659d9-945e-4afb-9e7f-5a7e6923bff9"}]');
CREATE TABLE IF NOT EXISTS "coderedcms_reusablecontent" ("id" integer NOT NULL PRIMARY KEY AUTOINCREMENT, "name" varchar(255) NOT NULL, "content" text NOT NULL);
CREATE TABLE IF NOT EXISTS "coderedcms_generalsettings" ("id" integer NOT NULL PRIMARY KEY AUTOINCREMENT, "from_email_address" varchar(255) NOT NULL, "search_num_results" integer unsigned NOT NULL CHECK ("search_num_results" >= 0), "site_id" integer NOT NULL UNIQUE REFERENCES "wagtailcore_site" ("id") DEFERRABLE INITIALLY DEFERRED, "external_new_tab" bool NOT NULL);
INSERT INTO coderedcms_generalsettings VALUES(1,'',10,2,0);
CREATE TABLE IF NOT EXISTS "django_session" ("session_key" varchar(40) NOT NULL PRIMARY KEY, "session_data" text NOT NULL, "expire_date" datetime NOT NULL);
INSERT INTO django_session VALUES('ppxd5huolsp63fmsc761d374phldqjj0','MDNiZDAzNzcyYTdlNzY0M2YyYWNjODMxMDA1NjY5YTk0MTU1YTgzNzp7Il9hdXRoX3VzZXJfaWQiOiIxIiwiX2F1dGhfdXNlcl9iYWNrZW5kIjoiZGphbmdvLmNvbnRyaWIuYXV0aC5iYWNrZW5kcy5Nb2RlbEJhY2tlbmQiLCJfYXV0aF91c2VyX2hhc2giOiI1MDk1MTc5NTkyZjIxODk3YzRiOThmM2U1ZDE0ZjE4NmQ0YzQyYjZhIiwid2FndGFpbC1wcmV2aWV3LTMiOlsiY3NyZm1pZGRsZXdhcmV0b2tlbj1GOXlHS0R2Q2Nqc0hxU29pTzN6Zm5WbURNV0Znc2R3eTFrS3YxTFlaSTlvS1d6MlJRM2V4NjRKSUZvOHZxREdDJm5leHQ9JnRpdGxlPUhvbWUmY292ZXJfaW1hZ2U9MSZib2R5LWNvdW50PTEmYm9keS0wLWRlbGV0ZWQ9JmJvZHktMC1vcmRlcj0wJmJvZHktMC10eXBlPWhlcm8mYm9keS0wLWlkPSZib2R5LTAtdmFsdWUtc2V0dGluZ3MtY3VzdG9tX3RlbXBsYXRlPSZib2R5LTAtdmFsdWUtc2V0dGluZ3MtY3VzdG9tX2Nzc19jbGFzcz0mYm9keS0wLXZhbHVlLXNldHRpbmdzLWN1c3RvbV9pZD0mYm9keS0wLXZhbHVlLWZsdWlkPW9uJmJvZHktMC12YWx1ZS1iYWNrZ3JvdW5kX2ltYWdlPTEmYm9keS0wLXZhbHVlLWJhY2tncm91bmRfY29sb3I9JmJvZHktMC12YWx1ZS1mb3JlZ3JvdW5kX2NvbG9yPSZib2R5LTAtdmFsdWUtY29udGVudC1jb3VudD0yJmJvZHktMC12YWx1ZS1jb250ZW50LTEtZGVsZXRlZD0mYm9keS0wLXZhbHVlLWNvbnRlbnQtMS1vcmRlcj0wJmJvZHktMC12YWx1ZS1jb250ZW50LTEtdHlwZT1yb3cmYm9keS0wLXZhbHVlLWNvbnRlbnQtMS1pZD0mYm9keS0wLXZhbHVlLWNvbnRlbnQtMS12YWx1ZS1zZXR0aW5ncy1jdXN0b21fdGVtcGxhdGU9JmJvZHktMC12YWx1ZS1jb250ZW50LTEtdmFsdWUtc2V0dGluZ3MtY3VzdG9tX2Nzc19jbGFzcz0mYm9keS0wLXZhbHVlLWNvbnRlbnQtMS12YWx1ZS1zZXR0aW5ncy1jdXN0b21faWQ9JmJvZHktMC12YWx1ZS1jb250ZW50LTEtdmFsdWUtY29udGVudC1jb3VudD0xJmJvZHktMC12YWx1ZS1jb250ZW50LTEtdmFsdWUtY29udGVudC0wLWRlbGV0ZWQ9JmJvZHktMC12YWx1ZS1jb250ZW50LTEtdmFsdWUtY29udGVudC0wLW9yZGVyPTAmYm9keS0wLXZhbHVlLWNvbnRlbnQtMS12YWx1ZS1jb250ZW50LTAtdHlwZT1jb250ZW50JmJvZHktMC12YWx1ZS1jb250ZW50LTEtdmFsdWUtY29udGVudC0wLWlkPSZib2R5LTAtdmFsdWUtY29udGVudC0xLXZhbHVlLWNvbnRlbnQtMC12YWx1ZS1zZXR0aW5ncy1jdXN0b21fdGVtcGxhdGU9JmJvZHktMC12YWx1ZS1jb250ZW50LTEtdmFsdWUtY29udGVudC0wLXZhbHVlLXNldHRpbmdzLWN1c3RvbV9jc3NfY2xhc3M9JmJvZHktMC12YWx1ZS1jb250ZW50LTEtdmFsdWUtY29udGVudC0wLXZhbHVlLXNldHRpbmdzLWN1c3RvbV9pZD0mYm9keS0wLXZhbHVlLWNvbnRlbnQtMS12YWx1ZS1jb250ZW50LTAtdmFsdWUtc2V0dGluZ3MtY29sdW1uX2JyZWFrcG9pbnQ9bWQmYm9keS0wLXZhbHVlLWNvbnRlbnQtMS12YWx1ZS1jb250ZW50LTAtdmFsdWUtY29sdW1uX3NpemU9JmJvZHktMC12YWx1ZS1jb250ZW50LTEtdmFsdWUtY29udGVudC0wLXZhbHVlLWNvbnRlbnQtY291bnQ9MSZib2R5LTAtdmFsdWUtY29udGVudC0xLXZhbHVlLWNvbnRlbnQtMC12YWx1ZS1jb250ZW50LTAtZGVsZXRlZD0mYm9keS0wLXZhbHVlLWNvbnRlbnQtMS12YWx1ZS1jb250ZW50LTAtdmFsdWUtY29udGVudC0wLW9yZGVyPTAmYm9keS0wLXZhbHVlLWNvbnRlbnQtMS12YWx1ZS1jb250ZW50LTAtdmFsdWUtY29udGVudC0wLXR5cGU9aHRtbCZib2R5LTAtdmFsdWUtY29udGVudC0xLXZhbHVlLWNvbnRlbnQtMC12YWx1ZS1jb250ZW50LTAtaWQ9JmJvZHktMC12YWx1ZS1jb250ZW50LTEtdmFsdWUtY29udGVudC0wLXZhbHVlLWNvbnRlbnQtMC12YWx1ZT0lM0NoMSUzRVdlbGNvbWUlM0MlMkZoMSUzRSZib2R5LTAtdmFsdWUtY29udGVudC0wLWRlbGV0ZWQ9MSZib2R5LTAtdmFsdWUtY29udGVudC0wLW9yZGVyPTAmYm9keS0wLXZhbHVlLWNvbnRlbnQtMC10eXBlPWh0bWwmYm9keS0wLXZhbHVlLWNvbnRlbnQtMC1pZD0mYm9keS0wLXZhbHVlLWNvbnRlbnQtMC12YWx1ZT0lM0NoMSUzRVdlbGNvbWUlM0MlMkZoMSUzRSZ0YWdzPSZjdXN0b21fdGVtcGxhdGU9Y29kZXJlZGNtcyUyRnBhZ2VzJTJGaG9tZV9wYWdlLmh0bWwmaW5kZXhfbnVtX3Blcl9wYWdlPTEwJmluZGV4X29yZGVyX2J5PSZzbHVnPWhvbWUmc2VvX3RpdGxlPSZzZWFyY2hfZGVzY3JpcHRpb249Jm9nX2ltYWdlPSZzdHJ1Y3Rfb3JnX3R5cGU9JnN0cnVjdF9vcmdfbmFtZT0mc3RydWN0X29yZ19sb2dvPSZzdHJ1Y3Rfb3JnX2ltYWdlPSZzdHJ1Y3Rfb3JnX3Bob25lPSZzdHJ1Y3Rfb3JnX2FkZHJlc3Nfc3RyZWV0PSZzdHJ1Y3Rfb3JnX2FkZHJlc3NfbG9jYWxpdHk9JnN0cnVjdF9vcmdfYWRkcmVzc19yZWdpb249JnN0cnVjdF9vcmdfYWRkcmVzc19wb3N0YWw9JnN0cnVjdF9vcmdfYWRkcmVzc19jb3VudHJ5PSZzdHJ1Y3Rfb3JnX2dlb19sYXQ9JnN0cnVjdF9vcmdfZ2VvX2xuZz0mc3RydWN0X29yZ19ob3Vycy1jb3VudD0wJnN0cnVjdF9vcmdfYWN0aW9ucy1jb3VudD0wJnN0cnVjdF9vcmdfZXh0cmFfanNvbj0mZ29fbGl2ZV9hdD0mZXhwaXJlX2F0PSZjb250ZW50X3dhbGxzLWNvdW50PTAiLDE1ODAxOTU5MDcuODA1NzAwNV19','2020-02-11 07:18:27.823533');
CREATE TABLE IF NOT EXISTS "wagtaildocs_document" ("id" integer NOT NULL PRIMARY KEY AUTOINCREMENT, "title" varchar(255) NOT NULL, "file" varchar(100) NOT NULL, "created_at" datetime NOT NULL, "uploaded_by_user_id" integer NULL REFERENCES "auth_user" ("id") DEFERRABLE INITIALLY DEFERRED, "collection_id" integer NOT NULL REFERENCES "wagtailcore_collection" ("id") DEFERRABLE INITIALLY DEFERRED, "file_size" integer unsigned NULL CHECK ("file_size" >= 0), "file_hash" varchar(40) NOT NULL);
CREATE TABLE IF NOT EXISTS "wagtailembeds_embed" ("id" integer NOT NULL PRIMARY KEY AUTOINCREMENT, "url" varchar(200) NOT NULL, "max_width" smallint NULL, "type" varchar(10) NOT NULL, "html" text NOT NULL, "title" text NOT NULL, "author_name" text NOT NULL, "provider_name" text NOT NULL, "width" integer NULL, "height" integer NULL, "last_updated" datetime NOT NULL, "thumbnail_url" varchar(255) NULL);
CREATE TABLE IF NOT EXISTS "wagtailforms_formsubmission" ("id" integer NOT NULL PRIMARY KEY AUTOINCREMENT, "form_data" text NOT NULL, "page_id" integer NOT NULL REFERENCES "wagtailcore_page" ("id") DEFERRABLE INITIALLY DEFERRED, "submit_time" datetime NOT NULL);
CREATE TABLE IF NOT EXISTS "wagtailredirects_redirect" ("id" integer NOT NULL PRIMARY KEY AUTOINCREMENT, "old_path" varchar(255) NOT NULL, "is_permanent" bool NOT NULL, "redirect_page_id" integer NULL REFERENCES "wagtailcore_page" ("id") DEFERRABLE INITIALLY DEFERRED, "site_id" integer NULL REFERENCES "wagtailcore_site" ("id") DEFERRABLE INITIALLY DEFERRED, "redirect_link" varchar(255) NOT NULL);
CREATE TABLE IF NOT EXISTS "wagtailsearch_query" ("id" integer NOT NULL PRIMARY KEY AUTOINCREMENT, "query_string" varchar(255) NOT NULL UNIQUE);
INSERT INTO wagtailsearch_query VALUES(1,'tech');
CREATE TABLE IF NOT EXISTS "wagtailsearch_querydailyhits" ("id" integer NOT NULL PRIMARY KEY AUTOINCREMENT, "date" date NOT NULL, "hits" integer NOT NULL, "query_id" integer NOT NULL REFERENCES "wagtailsearch_query" ("id") DEFERRABLE INITIALLY DEFERRED);
INSERT INTO wagtailsearch_querydailyhits VALUES(1,'2020-01-28',1,1);
CREATE TABLE IF NOT EXISTS "wagtailsearch_editorspick" ("id" integer NOT NULL PRIMARY KEY AUTOINCREMENT, "sort_order" integer NULL, "description" text NOT NULL, "query_id" integer NOT NULL REFERENCES "wagtailsearch_query" ("id") DEFERRABLE INITIALLY DEFERRED, "page_id" integer NOT NULL REFERENCES "wagtailcore_page" ("id") DEFERRABLE INITIALLY DEFERRED);
CREATE TABLE IF NOT EXISTS "wagtailusers_userprofile" ("id" integer NOT NULL PRIMARY KEY AUTOINCREMENT, "submitted_notifications" bool NOT NULL, "approved_notifications" bool NOT NULL, "rejected_notifications" bool NOT NULL, "user_id" integer NOT NULL UNIQUE REFERENCES "auth_user" ("id") DEFERRABLE INITIALLY DEFERRED, "preferred_language" varchar(10) NOT NULL, "current_time_zone" varchar(40) NOT NULL, "avatar" varchar(100) NOT NULL);
CREATE TABLE IF NOT EXISTS "website_articleindexpage" ("coderedpage_ptr_id" integer NOT NULL PRIMARY KEY REFERENCES "coderedcms_coderedpage" ("page_ptr_id") DEFERRABLE INITIALLY DEFERRED, "body" text NULL, "show_images" bool NOT NULL, "show_captions" bool NOT NULL, "show_meta" bool NOT NULL, "show_preview_text" bool NOT NULL);
INSERT INTO website_articleindexpage VALUES(4,'[]',1,1,1,1);
INSERT INTO website_articleindexpage VALUES(8,'[]',1,1,1,1);
INSERT INTO website_articleindexpage VALUES(12,'[]',1,1,1,1);
CREATE TABLE IF NOT EXISTS "website_formpage" ("coderedpage_ptr_id" integer NOT NULL PRIMARY KEY REFERENCES "coderedcms_coderedpage" ("page_ptr_id") DEFERRABLE INITIALLY DEFERRED, "body" text NULL, "to_address" varchar(255) NOT NULL, "reply_address" varchar(255) NOT NULL, "subject" varchar(255) NOT NULL, "save_to_database" bool NOT NULL, "button_text" varchar(255) NOT NULL, "button_style" varchar(255) NOT NULL, "button_size" varchar(255) NOT NULL, "button_css_class" varchar(255) NOT NULL, "form_css_class" varchar(255) NOT NULL, "form_id" varchar(255) NOT NULL, "form_golive_at" datetime NULL, "form_expire_at" datetime NULL, "spam_protection" bool NOT NULL, "thank_you_page_id" integer NULL REFERENCES "wagtailcore_page" ("id") DEFERRABLE INITIALLY DEFERRED);
CREATE TABLE IF NOT EXISTS "website_webpage" ("coderedpage_ptr_id" integer NOT NULL PRIMARY KEY REFERENCES "coderedcms_coderedpage" ("page_ptr_id") DEFERRABLE INITIALLY DEFERRED, "body" text NULL);
INSERT INTO website_webpage VALUES(3,'[{"type": "hero", "value": {"settings": {"custom_template": "", "custom_css_class": "", "custom_id": ""}, "fluid": true, "is_parallax": false, "background_image": 1, "tile_image": false, "background_color": "", "foreground_color": "", "content": [{"type": "row", "value": {"settings": {"custom_template": "", "custom_css_class": "", "custom_id": ""}, "fluid": false, "content": [{"type": "content", "value": {"settings": {"custom_template": "", "custom_css_class": "", "custom_id": "", "column_breakpoint": "md"}, "column_size": "", "content": [{"type": "html", "value": "<h1>Welcome</h1>", "id": "c5129c73-177d-4ebe-851f-37cab3966755"}]}, "id": "42e6fb02-e0d1-4cd2-9c58-64e4b4e1e037"}]}, "id": "0ac9a526-5ba0-46a2-aec4-002d7d228542"}]}, "id": "c443a9a3-5312-4133-b051-741d78b72d14"}, {"type": "html", "value": "<br></br>", "id": "822d4706-2e6c-4b52-af90-8bd6ffe233e4"}, {"type": "row", "value": {"settings": {"custom_template": "", "custom_css_class": "", "custom_id": ""}, "fluid": false, "content": [{"type": "content", "value": {"settings": {"custom_template": "", "custom_css_class": "", "custom_id": "", "column_breakpoint": "md"}, "column_size": "", "content": [{"type": "text", "value": "<p></p><p>Lorem ipsum dolor sit amet, consectetur adipiscing elit. Nullam bibendum quam sed nisl luctus semper. Vivamus tincidunt fermentum pretium. Mauris scelerisque quam nec purus tempor pulvinar rhoncus sit amet lacus. Duis diam tellus, consequat viverra fermentum sed, faucibus quis magna. Aenean sodales nisi ac semper accumsan. Nam iaculis metus at justo consectetur posuere. Praesent molestie metus et nisl elementum, in commodo nulla pretium. Donec egestas mi at turpis accumsan, euismod bibendum quam varius. Vestibulum ante ipsum primis in faucibus orci luctus et ultrices posuere cubilia Curae; Pellentesque sodales consequat libero non scelerisque. In et feugiat ipsum. Suspendisse a aliquam velit, in hendrerit purus. Aliquam sollicitudin tempor augue a porta. Curabitur vitae aliquet enim.</p><p>Sed eget mollis est. Praesent sed nisi vestibulum, viverra neque a, tincidunt leo. Quisque suscipit erat leo, et vestibulum lorem dapibus ac. Nunc fringilla, lorem ac ultricies tempus, augue tellus commodo leo, sed sollicitudin augue quam in arcu. Sed pulvinar leo vitae lectus malesuada blandit. Sed convallis bibendum sem at blandit. Integer ac purus orci. Cras euismod, eros vitae dictum mollis, quam quam aliquet eros, non bibendum lectus enim a urna. Sed a scelerisque lectus, et molestie tortor. Proin sagittis, ipsum quis commodo fringilla, quam purus sollicitudin sapien, eu pellentesque enim mauris imperdiet nisi. Nulla quis massa nec nisl congue porta. Aliquam placerat, sem eget venenatis ultricies, sem odio ullamcorper nisi, ac efficitur lorem sem sit amet lacus. Vestibulum ullamcorper sapien sit amet gravida blandit. Sed enim arcu, placerat nec laoreet fermentum, pretium et dui. Nulla a sagittis justo, in consectetur mi. Fusce sollicitudin enim sit amet est suscipit posuere.</p><p>Aenean interdum nulla dignissim, lacinia arcu quis, mollis massa. Nulla facilisi. Mauris et enim elit. Aenean ut mi vehicula diam consectetur mattis eget ac purus. Quisque interdum velit vel fermentum sodales. Cras convallis, neque vel lacinia eleifend, nisl odio ultricies odio, vel tincidunt urna orci vitae ligula. Integer efficitur condimentum neque ac porttitor. Phasellus sit amet tincidunt nisl, at finibus nisi.</p>", "id": "0fc4ff3d-567c-45b5-8f4a-cadda6d31b26"}]}, "id": "f5613bf0-4556-4774-849f-a101acc81511"}]}, "id": "8afa46ee-b781-4ff8-96bd-a9e52f6e9844"}, {"type": "html", "value": "<br></br>", "id": "92de1850-10f2-421c-87d7-772258ca0d5a"}, {"type": "cardgrid", "value": {"settings": {"custom_template": "", "custom_css_class": "", "custom_id": ""}, "fluid": false, "content": [{"type": "card", "value": {"settings": {"custom_template": "", "custom_css_class": "", "custom_id": ""}, "image": null, "title": "Lorem Ipsum", "subtitle": "Dolor sit amet", "description": "<p>Consectetur adipiscing elit. Nullam bibendum quam sed nisl luctus semper. Vivamus tincidunt fermentum pretium. Mauris scelerisque quam nec purus tempor pulvinar rhoncus sit amet lacus. Duis diam tellus, consequat viverra fermentum sed, faucibus quis magna. Aenean sodales nisi ac semper accumsan. Nam iaculis metus at justo consectetur posuere. Praesent molestie metus et nisl elementum, in commodo nulla pretium. Donec egestas mi at turpis accumsan, euismod bibendum quam varius. Vestibulum ante ipsum primis in faucibus orci luctus et ultrices posuere cubilia Curae; Pellentesque sodales consequat libero non scelerisque. In et feugiat ipsum. Suspendisse a aliquam velit, in hendrerit purus. Aliquam sollicitudin tempor augue a porta. Curabitur vitae aliquet enim.</p>", "links": []}, "id": "6e6063fe-d70d-4136-a048-db6def14308c"}, {"type": "card", "value": {"settings": {"custom_template": "", "custom_css_class": "", "custom_id": ""}, "image": null, "title": "Lorem Ipsum", "subtitle": "Dolor sit amet", "description": "<p>Consectetur adipiscing elit. Nullam bibendum quam sed nisl luctus semper. Vivamus tincidunt fermentum pretium. Mauris scelerisque quam nec purus tempor pulvinar rhoncus sit amet lacus. Duis diam tellus, consequat viverra fermentum sed, faucibus quis magna. Aenean sodales nisi ac semper accumsan. Nam iaculis metus at justo consectetur posuere. Praesent molestie metus et nisl elementum, in commodo nulla pretium. Donec egestas mi at turpis accumsan, euismod bibendum quam varius. Vestibulum ante ipsum primis in faucibus orci luctus et ultrices posuere cubilia Curae; Pellentesque sodales consequat libero non scelerisque. In et feugiat ipsum. Suspendisse a aliquam velit, in hendrerit purus. Aliquam sollicitudin tempor augue a porta. Curabitur vitae aliquet enim.</p>", "links": []}, "id": "c08195e2-4b7c-4f2f-8f46-f5a33123e3d2"}, {"type": "card", "value": {"settings": {"custom_template": "", "custom_css_class": "", "custom_id": ""}, "image": null, "title": "Lorem Ipsum", "subtitle": "Dolor sit amet", "description": "<p>Consectetur adipiscing elit. Nullam bibendum quam sed nisl luctus semper. Vivamus tincidunt fermentum pretium. Mauris scelerisque quam nec purus tempor pulvinar rhoncus sit amet lacus. Duis diam tellus, consequat viverra fermentum sed, faucibus quis magna. Aenean sodales nisi ac semper accumsan. Nam iaculis metus at justo consectetur posuere. Praesent molestie metus et nisl elementum, in commodo nulla pretium. Donec egestas mi at turpis accumsan, euismod bibendum quam varius. Vestibulum ante ipsum primis in faucibus orci luctus et ultrices posuere cubilia Curae; Pellentesque sodales consequat libero non scelerisque. In et feugiat ipsum. Suspendisse a aliquam velit, in hendrerit purus. Aliquam sollicitudin tempor augue a porta. Curabitur vitae aliquet enim.</p>", "links": []}, "id": "8cb267d5-78ab-4aae-95ad-e7b63ffadb3a"}]}, "id": "dcc2c8df-04c6-41bc-9e1c-489aae45a15d"}, {"type": "html", "value": "<br></br>", "id": "72aff93a-bb4e-4a44-9df9-315dbec9b1b4"}, {"type": "row", "value": {"settings": {"custom_template": "", "custom_css_class": "", "custom_id": ""}, "fluid": false, "content": [{"type": "content", "value": {"settings": {"custom_template": "", "custom_css_class": "", "custom_id": "", "column_breakpoint": "md"}, "column_size": "", "content": [{"type": "carousel", "value": {"settings": {"custom_template": "", "custom_css_class": "", "custom_id": ""}, "carousel": 1}, "id": "b49cb4ab-13da-4409-bace-3d307e1bd294"}]}, "id": "1b940abe-2e9f-4a17-949b-cd45dfb16dfd"}]}, "id": "6d589fce-5e5a-4edd-8e71-9edec6cba9a2"}]');
CREATE TABLE IF NOT EXISTS "website_formpagefield" ("id" integer NOT NULL PRIMARY KEY AUTOINCREMENT, "sort_order" integer NULL, "label" varchar(255) NOT NULL, "required" bool NOT NULL, "choices" text NOT NULL, "default_value" varchar(255) NOT NULL, "help_text" varchar(255) NOT NULL, "field_type" varchar(16) NOT NULL, "page_id" integer NOT NULL REFERENCES "website_formpage" ("coderedpage_ptr_id") DEFERRABLE INITIALLY DEFERRED);
CREATE TABLE IF NOT EXISTS "website_formconfirmemail" ("id" integer NOT NULL PRIMARY KEY AUTOINCREMENT, "to_address" varchar(255) NOT NULL, "from_address" varchar(255) NOT NULL, "reply_address" varchar(255) NOT NULL, "cc_address" varchar(255) NOT NULL, "bcc_address" varchar(255) NOT NULL, "subject" varchar(255) NOT NULL, "body" text NOT NULL, "page_id" integer NOT NULL REFERENCES "website_formpage" ("coderedpage_ptr_id") DEFERRABLE INITIALLY DEFERRED);
CREATE TABLE IF NOT EXISTS "website_articlepage" ("coderedpage_ptr_id" integer NOT NULL PRIMARY KEY REFERENCES "coderedcms_coderedpage" ("page_ptr_id") DEFERRABLE INITIALLY DEFERRED, "body" text NULL, "caption" varchar(255) NOT NULL, "author_display" varchar(255) NOT NULL, "date_display" date NULL, "author_id" integer NULL REFERENCES "auth_user" ("id") DEFERRABLE INITIALLY DEFERRED);
INSERT INTO website_articlepage VALUES(5,'[{"type": "text", "value": "<p></p><p>Lorem ipsum dolor sit amet, consectetur adipiscing elit. Nullam bibendum quam sed nisl luctus semper. Vivamus tincidunt fermentum pretium. Mauris scelerisque quam nec purus tempor pulvinar rhoncus sit amet lacus. Duis diam tellus, consequat viverra fermentum sed, faucibus quis magna. Aenean sodales nisi ac semper accumsan. Nam iaculis metus at justo consectetur posuere. Praesent molestie metus et nisl elementum, in commodo nulla pretium. Donec egestas mi at turpis accumsan, euismod bibendum quam varius. Vestibulum ante ipsum primis in faucibus orci luctus et ultrices posuere cubilia Curae; Pellentesque sodales consequat libero non scelerisque. In et feugiat ipsum. Suspendisse a aliquam velit, in hendrerit purus. Aliquam sollicitudin tempor augue a porta. Curabitur vitae aliquet enim.</p><p>Sed eget mollis est. Praesent sed nisi vestibulum, viverra neque a, tincidunt leo. Quisque suscipit erat leo, et vestibulum lorem dapibus ac. Nunc fringilla, lorem ac ultricies tempus, augue tellus commodo leo, sed sollicitudin augue quam in arcu. Sed pulvinar leo vitae lectus malesuada blandit. Sed convallis bibendum sem at blandit. Integer ac purus orci. Cras euismod, eros vitae dictum mollis, quam quam aliquet eros, non bibendum lectus enim a urna. Sed a scelerisque lectus, et molestie tortor. Proin sagittis, ipsum quis commodo fringilla, quam purus sollicitudin sapien, eu pellentesque enim mauris imperdiet nisi. Nulla quis massa nec nisl congue porta. Aliquam placerat, sem eget venenatis ultricies, sem odio ullamcorper nisi, ac efficitur lorem sem sit amet lacus. Vestibulum ullamcorper sapien sit amet gravida blandit. Sed enim arcu, placerat nec laoreet fermentum, pretium et dui. Nulla a sagittis justo, in consectetur mi. Fusce sollicitudin enim sit amet est suscipit posuere.</p><p>Aenean interdum nulla dignissim, lacinia arcu quis, mollis massa. Nulla facilisi. Mauris et enim elit. Aenean ut mi vehicula diam consectetur mattis eget ac purus. Quisque interdum velit vel fermentum sodales. Cras convallis, neque vel lacinia eleifend, nisl odio ultricies odio, vel tincidunt urna orci vitae ligula. Integer efficitur condimentum neque ac porttitor. Phasellus sit amet tincidunt nisl, at finibus nisi.</p>", "id": "76e6deca-4a89-42ca-accf-3541a5060b37"}]','Event 1','Yuto','2020-01-28',1);
INSERT INTO website_articlepage VALUES(6,'[{"type": "text", "value": "<p></p><p>Lorem ipsum dolor sit amet, consectetur adipiscing elit. Nullam bibendum quam sed nisl luctus semper. Vivamus tincidunt fermentum pretium. Mauris scelerisque quam nec purus tempor pulvinar rhoncus sit amet lacus. Duis diam tellus, consequat viverra fermentum sed, faucibus quis magna. Aenean sodales nisi ac semper accumsan. Nam iaculis metus at justo consectetur posuere. Praesent molestie metus et nisl elementum, in commodo nulla pretium. Donec egestas mi at turpis accumsan, euismod bibendum quam varius. Vestibulum ante ipsum primis in faucibus orci luctus et ultrices posuere cubilia Curae; Pellentesque sodales consequat libero non scelerisque. In et feugiat ipsum. Suspendisse a aliquam velit, in hendrerit purus. Aliquam sollicitudin tempor augue a porta. Curabitur vitae aliquet enim.</p><p>Sed eget mollis est. Praesent sed nisi vestibulum, viverra neque a, tincidunt leo. Quisque suscipit erat leo, et vestibulum lorem dapibus ac. Nunc fringilla, lorem ac ultricies tempus, augue tellus commodo leo, sed sollicitudin augue quam in arcu. Sed pulvinar leo vitae lectus malesuada blandit. Sed convallis bibendum sem at blandit. Integer ac purus orci. Cras euismod, eros vitae dictum mollis, quam quam aliquet eros, non bibendum lectus enim a urna. Sed a scelerisque lectus, et molestie tortor. Proin sagittis, ipsum quis commodo fringilla, quam purus sollicitudin sapien, eu pellentesque enim mauris imperdiet nisi. Nulla quis massa nec nisl congue porta. Aliquam placerat, sem eget venenatis ultricies, sem odio ullamcorper nisi, ac efficitur lorem sem sit amet lacus. Vestibulum ullamcorper sapien sit amet gravida blandit. Sed enim arcu, placerat nec laoreet fermentum, pretium et dui. Nulla a sagittis justo, in consectetur mi. Fusce sollicitudin enim sit amet est suscipit posuere.</p><p>Aenean interdum nulla dignissim, lacinia arcu quis, mollis massa. Nulla facilisi. Mauris et enim elit. Aenean ut mi vehicula diam consectetur mattis eget ac purus. Quisque interdum velit vel fermentum sodales. Cras convallis, neque vel lacinia eleifend, nisl odio ultricies odio, vel tincidunt urna orci vitae ligula. Integer efficitur condimentum neque ac porttitor. Phasellus sit amet tincidunt nisl, at finibus nisi.</p>", "id": "dbe76c76-c151-499d-920d-12a4de525156"}]','Event 2','Yuto','2020-01-16',1);
INSERT INTO website_articlepage VALUES(7,'[{"type": "text", "value": "<p></p><p>Lorem ipsum dolor sit amet, consectetur adipiscing elit. Nullam bibendum quam sed nisl luctus semper. Vivamus tincidunt fermentum pretium. Mauris scelerisque quam nec purus tempor pulvinar rhoncus sit amet lacus. Duis diam tellus, consequat viverra fermentum sed, faucibus quis magna. Aenean sodales nisi ac semper accumsan. Nam iaculis metus at justo consectetur posuere. Praesent molestie metus et nisl elementum, in commodo nulla pretium. Donec egestas mi at turpis accumsan, euismod bibendum quam varius. Vestibulum ante ipsum primis in faucibus orci luctus et ultrices posuere cubilia Curae; Pellentesque sodales consequat libero non scelerisque. In et feugiat ipsum. Suspendisse a aliquam velit, in hendrerit purus. Aliquam sollicitudin tempor augue a porta. Curabitur vitae aliquet enim.</p><p>Sed eget mollis est. Praesent sed nisi vestibulum, viverra neque a, tincidunt leo. Quisque suscipit erat leo, et vestibulum lorem dapibus ac. Nunc fringilla, lorem ac ultricies tempus, augue tellus commodo leo, sed sollicitudin augue quam in arcu. Sed pulvinar leo vitae lectus malesuada blandit. Sed convallis bibendum sem at blandit. Integer ac purus orci. Cras euismod, eros vitae dictum mollis, quam quam aliquet eros, non bibendum lectus enim a urna. Sed a scelerisque lectus, et molestie tortor. Proin sagittis, ipsum quis commodo fringilla, quam purus sollicitudin sapien, eu pellentesque enim mauris imperdiet nisi. Nulla quis massa nec nisl congue porta. Aliquam placerat, sem eget venenatis ultricies, sem odio ullamcorper nisi, ac efficitur lorem sem sit amet lacus. Vestibulum ullamcorper sapien sit amet gravida blandit. Sed enim arcu, placerat nec laoreet fermentum, pretium et dui. Nulla a sagittis justo, in consectetur mi. Fusce sollicitudin enim sit amet est suscipit posuere.</p><p>Aenean interdum nulla dignissim, lacinia arcu quis, mollis massa. Nulla facilisi. Mauris et enim elit. Aenean ut mi vehicula diam consectetur mattis eget ac purus. Quisque interdum velit vel fermentum sodales. Cras convallis, neque vel lacinia eleifend, nisl odio ultricies odio, vel tincidunt urna orci vitae ligula. Integer efficitur condimentum neque ac porttitor. Phasellus sit amet tincidunt nisl, at finibus nisi.</p>", "id": "bd39bf5e-9fa6-4cc5-89f0-07da2eaf7a7f"}]','Event 3','Yuto','2020-01-10',1);
INSERT INTO website_articlepage VALUES(9,'[{"type": "text", "value": "<p> </p><p>Lorem ipsum dolor sit amet, consectetur adipiscing elit. Nullam bibendum quam sed nisl luctus semper. Vivamus tincidunt fermentum pretium. Mauris scelerisque quam nec purus tempor pulvinar rhoncus sit amet lacus. Duis diam tellus, consequat viverra fermentum sed, faucibus quis magna. Aenean sodales nisi ac semper accumsan. Nam iaculis metus at justo consectetur posuere. Praesent molestie metus et nisl elementum, in commodo nulla pretium. Donec egestas mi at turpis accumsan, euismod bibendum quam varius. Vestibulum ante ipsum primis in faucibus orci luctus et ultrices posuere cubilia Curae; Pellentesque sodales consequat libero non scelerisque. In et feugiat ipsum. Suspendisse a aliquam velit, in hendrerit purus. Aliquam sollicitudin tempor augue a porta. Curabitur vitae aliquet enim.</p><p>Sed eget mollis est. Praesent sed nisi vestibulum, viverra neque a, tincidunt leo. Quisque suscipit erat leo, et vestibulum lorem dapibus ac. Nunc fringilla, lorem ac ultricies tempus, augue tellus commodo leo, sed sollicitudin augue quam in arcu. Sed pulvinar leo vitae lectus malesuada blandit. Sed convallis bibendum sem at blandit. Integer ac purus orci. Cras euismod, eros vitae dictum mollis, quam quam aliquet eros, non bibendum lectus enim a urna. Sed a scelerisque lectus, et molestie tortor. Proin sagittis, ipsum quis commodo fringilla, quam purus sollicitudin sapien, eu pellentesque enim mauris imperdiet nisi. Nulla quis massa nec nisl congue porta. Aliquam placerat, sem eget venenatis ultricies, sem odio ullamcorper nisi, ac efficitur lorem sem sit amet lacus. Vestibulum ullamcorper sapien sit amet gravida blandit. Sed enim arcu, placerat nec laoreet fermentum, pretium et dui. Nulla a sagittis justo, in consectetur mi. Fusce sollicitudin enim sit amet est suscipit posuere.</p><p>Aenean interdum nulla dignissim, lacinia arcu quis, mollis massa. Nulla facilisi. Mauris et enim elit. Aenean ut mi vehicula diam consectetur mattis eget ac purus. Quisque interdum velit vel fermentum sodales. Cras convallis, neque vel lacinia eleifend, nisl odio ultricies odio, vel tincidunt urna orci vitae ligula. Integer efficitur condimentum neque ac porttitor. Phasellus sit amet tincidunt nisl, at finibus nisi.</p>", "id": "72382244-4ac1-462a-8565-0667e376277c"}]','Food 1','Yuto','2020-01-28',1);
INSERT INTO website_articlepage VALUES(10,'[{"type": "text", "value": "<p> </p><p>Lorem ipsum dolor sit amet, consectetur adipiscing elit. Nullam bibendum quam sed nisl luctus semper. Vivamus tincidunt fermentum pretium. Mauris scelerisque quam nec purus tempor pulvinar rhoncus sit amet lacus. Duis diam tellus, consequat viverra fermentum sed, faucibus quis magna. Aenean sodales nisi ac semper accumsan. Nam iaculis metus at justo consectetur posuere. Praesent molestie metus et nisl elementum, in commodo nulla pretium. Donec egestas mi at turpis accumsan, euismod bibendum quam varius. Vestibulum ante ipsum primis in faucibus orci luctus et ultrices posuere cubilia Curae; Pellentesque sodales consequat libero non scelerisque. In et feugiat ipsum. Suspendisse a aliquam velit, in hendrerit purus. Aliquam sollicitudin tempor augue a porta. Curabitur vitae aliquet enim.</p><p>Sed eget mollis est. Praesent sed nisi vestibulum, viverra neque a, tincidunt leo. Quisque suscipit erat leo, et vestibulum lorem dapibus ac. Nunc fringilla, lorem ac ultricies tempus, augue tellus commodo leo, sed sollicitudin augue quam in arcu. Sed pulvinar leo vitae lectus malesuada blandit. Sed convallis bibendum sem at blandit. Integer ac purus orci. Cras euismod, eros vitae dictum mollis, quam quam aliquet eros, non bibendum lectus enim a urna. Sed a scelerisque lectus, et molestie tortor. Proin sagittis, ipsum quis commodo fringilla, quam purus sollicitudin sapien, eu pellentesque enim mauris imperdiet nisi. Nulla quis massa nec nisl congue porta. Aliquam placerat, sem eget venenatis ultricies, sem odio ullamcorper nisi, ac efficitur lorem sem sit amet lacus. Vestibulum ullamcorper sapien sit amet gravida blandit. Sed enim arcu, placerat nec laoreet fermentum, pretium et dui. Nulla a sagittis justo, in consectetur mi. Fusce sollicitudin enim sit amet est suscipit posuere.</p><p>Aenean interdum nulla dignissim, lacinia arcu quis, mollis massa. Nulla facilisi. Mauris et enim elit. Aenean ut mi vehicula diam consectetur mattis eget ac purus. Quisque interdum velit vel fermentum sodales. Cras convallis, neque vel lacinia eleifend, nisl odio ultricies odio, vel tincidunt urna orci vitae ligula. Integer efficitur condimentum neque ac porttitor. Phasellus sit amet tincidunt nisl, at finibus nisi.</p>", "id": "8eb21b42-a52d-4f55-b044-a62a9cd939f9"}]','Food 2','Yuto','2020-01-18',1);
INSERT INTO website_articlepage VALUES(11,'[{"type": "text", "value": "<p> </p><p>Lorem ipsum dolor sit amet, consectetur adipiscing elit. Nullam bibendum quam sed nisl luctus semper. Vivamus tincidunt fermentum pretium. Mauris scelerisque quam nec purus tempor pulvinar rhoncus sit amet lacus. Duis diam tellus, consequat viverra fermentum sed, faucibus quis magna. Aenean sodales nisi ac semper accumsan. Nam iaculis metus at justo consectetur posuere. Praesent molestie metus et nisl elementum, in commodo nulla pretium. Donec egestas mi at turpis accumsan, euismod bibendum quam varius. Vestibulum ante ipsum primis in faucibus orci luctus et ultrices posuere cubilia Curae; Pellentesque sodales consequat libero non scelerisque. In et feugiat ipsum. Suspendisse a aliquam velit, in hendrerit purus. Aliquam sollicitudin tempor augue a porta. Curabitur vitae aliquet enim.</p><p>Sed eget mollis est. Praesent sed nisi vestibulum, viverra neque a, tincidunt leo. Quisque suscipit erat leo, et vestibulum lorem dapibus ac. Nunc fringilla, lorem ac ultricies tempus, augue tellus commodo leo, sed sollicitudin augue quam in arcu. Sed pulvinar leo vitae lectus malesuada blandit. Sed convallis bibendum sem at blandit. Integer ac purus orci. Cras euismod, eros vitae dictum mollis, quam quam aliquet eros, non bibendum lectus enim a urna. Sed a scelerisque lectus, et molestie tortor. Proin sagittis, ipsum quis commodo fringilla, quam purus sollicitudin sapien, eu pellentesque enim mauris imperdiet nisi. Nulla quis massa nec nisl congue porta. Aliquam placerat, sem eget venenatis ultricies, sem odio ullamcorper nisi, ac efficitur lorem sem sit amet lacus. Vestibulum ullamcorper sapien sit amet gravida blandit. Sed enim arcu, placerat nec laoreet fermentum, pretium et dui. Nulla a sagittis justo, in consectetur mi. Fusce sollicitudin enim sit amet est suscipit posuere.</p><p>Aenean interdum nulla dignissim, lacinia arcu quis, mollis massa. Nulla facilisi. Mauris et enim elit. Aenean ut mi vehicula diam consectetur mattis eget ac purus. Quisque interdum velit vel fermentum sodales. Cras convallis, neque vel lacinia eleifend, nisl odio ultricies odio, vel tincidunt urna orci vitae ligula. Integer efficitur condimentum neque ac porttitor. Phasellus sit amet tincidunt nisl, at finibus nisi.</p>", "id": "7c5b87f3-0744-40c0-9cb9-ee3a616c8f4d"}]','Food 3','Yuto','2020-01-11',1);
INSERT INTO website_articlepage VALUES(13,'[{"type": "text", "value": "<p></p><p>Lorem ipsum dolor sit amet, consectetur adipiscing elit. Nullam bibendum quam sed nisl luctus semper. Vivamus tincidunt fermentum pretium. Mauris scelerisque quam nec purus tempor pulvinar rhoncus sit amet lacus. Duis diam tellus, consequat viverra fermentum sed, faucibus quis magna. Aenean sodales nisi ac semper accumsan. Nam iaculis metus at justo consectetur posuere. Praesent molestie metus et nisl elementum, in commodo nulla pretium. Donec egestas mi at turpis accumsan, euismod bibendum quam varius. Vestibulum ante ipsum primis in faucibus orci luctus et ultrices posuere cubilia Curae; Pellentesque sodales consequat libero non scelerisque. In et feugiat ipsum. Suspendisse a aliquam velit, in hendrerit purus. Aliquam sollicitudin tempor augue a porta. Curabitur vitae aliquet enim.</p><p>Sed eget mollis est. Praesent sed nisi vestibulum, viverra neque a, tincidunt leo. Quisque suscipit erat leo, et vestibulum lorem dapibus ac. Nunc fringilla, lorem ac ultricies tempus, augue tellus commodo leo, sed sollicitudin augue quam in arcu. Sed pulvinar leo vitae lectus malesuada blandit. Sed convallis bibendum sem at blandit. Integer ac purus orci. Cras euismod, eros vitae dictum mollis, quam quam aliquet eros, non bibendum lectus enim a urna. Sed a scelerisque lectus, et molestie tortor. Proin sagittis, ipsum quis commodo fringilla, quam purus sollicitudin sapien, eu pellentesque enim mauris imperdiet nisi. Nulla quis massa nec nisl congue porta. Aliquam placerat, sem eget venenatis ultricies, sem odio ullamcorper nisi, ac efficitur lorem sem sit amet lacus. Vestibulum ullamcorper sapien sit amet gravida blandit. Sed enim arcu, placerat nec laoreet fermentum, pretium et dui. Nulla a sagittis justo, in consectetur mi. Fusce sollicitudin enim sit amet est suscipit posuere.</p><p>Aenean interdum nulla dignissim, lacinia arcu quis, mollis massa. Nulla facilisi. Mauris et enim elit. Aenean ut mi vehicula diam consectetur mattis eget ac purus. Quisque interdum velit vel fermentum sodales. Cras convallis, neque vel lacinia eleifend, nisl odio ultricies odio, vel tincidunt urna orci vitae ligula. Integer efficitur condimentum neque ac porttitor. Phasellus sit amet tincidunt nisl, at finibus nisi.</p>", "id": "2b39036e-750a-4d40-81d4-1884780a5f10"}]','Tech 1','Yuto','2020-01-28',1);
INSERT INTO website_articlepage VALUES(14,'[{"type": "text", "value": "<p></p><p>Lorem ipsum dolor sit amet, consectetur adipiscing elit. Nullam bibendum quam sed nisl luctus semper. Vivamus tincidunt fermentum pretium. Mauris scelerisque quam nec purus tempor pulvinar rhoncus sit amet lacus. Duis diam tellus, consequat viverra fermentum sed, faucibus quis magna. Aenean sodales nisi ac semper accumsan. Nam iaculis metus at justo consectetur posuere. Praesent molestie metus et nisl elementum, in commodo nulla pretium. Donec egestas mi at turpis accumsan, euismod bibendum quam varius. Vestibulum ante ipsum primis in faucibus orci luctus et ultrices posuere cubilia Curae; Pellentesque sodales consequat libero non scelerisque. In et feugiat ipsum. Suspendisse a aliquam velit, in hendrerit purus. Aliquam sollicitudin tempor augue a porta. Curabitur vitae aliquet enim.</p><p>Sed eget mollis est. Praesent sed nisi vestibulum, viverra neque a, tincidunt leo. Quisque suscipit erat leo, et vestibulum lorem dapibus ac. Nunc fringilla, lorem ac ultricies tempus, augue tellus commodo leo, sed sollicitudin augue quam in arcu. Sed pulvinar leo vitae lectus malesuada blandit. Sed convallis bibendum sem at blandit. Integer ac purus orci. Cras euismod, eros vitae dictum mollis, quam quam aliquet eros, non bibendum lectus enim a urna. Sed a scelerisque lectus, et molestie tortor. Proin sagittis, ipsum quis commodo fringilla, quam purus sollicitudin sapien, eu pellentesque enim mauris imperdiet nisi. Nulla quis massa nec nisl congue porta. Aliquam placerat, sem eget venenatis ultricies, sem odio ullamcorper nisi, ac efficitur lorem sem sit amet lacus. Vestibulum ullamcorper sapien sit amet gravida blandit. Sed enim arcu, placerat nec laoreet fermentum, pretium et dui. Nulla a sagittis justo, in consectetur mi. Fusce sollicitudin enim sit amet est suscipit posuere.</p><p>Aenean interdum nulla dignissim, lacinia arcu quis, mollis massa. Nulla facilisi. Mauris et enim elit. Aenean ut mi vehicula diam consectetur mattis eget ac purus. Quisque interdum velit vel fermentum sodales. Cras convallis, neque vel lacinia eleifend, nisl odio ultricies odio, vel tincidunt urna orci vitae ligula. Integer efficitur condimentum neque ac porttitor. Phasellus sit amet tincidunt nisl, at finibus nisi.</p>", "id": "9f3707ea-1813-4746-ba84-1706997aa810"}]','Tech 2','Yuto','2020-01-18',1);
INSERT INTO website_articlepage VALUES(15,'[{"type": "text", "value": "<p> </p><p>Lorem ipsum dolor sit amet, consectetur adipiscing elit. Nullam bibendum quam sed nisl luctus semper. Vivamus tincidunt fermentum pretium. Mauris scelerisque quam nec purus tempor pulvinar rhoncus sit amet lacus. Duis diam tellus, consequat viverra fermentum sed, faucibus quis magna. Aenean sodales nisi ac semper accumsan. Nam iaculis metus at justo consectetur posuere. Praesent molestie metus et nisl elementum, in commodo nulla pretium. Donec egestas mi at turpis accumsan, euismod bibendum quam varius. Vestibulum ante ipsum primis in faucibus orci luctus et ultrices posuere cubilia Curae; Pellentesque sodales consequat libero non scelerisque. In et feugiat ipsum. Suspendisse a aliquam velit, in hendrerit purus. Aliquam sollicitudin tempor augue a porta. Curabitur vitae aliquet enim.</p><p>Sed eget mollis est. Praesent sed nisi vestibulum, viverra neque a, tincidunt leo. Quisque suscipit erat leo, et vestibulum lorem dapibus ac. Nunc fringilla, lorem ac ultricies tempus, augue tellus commodo leo, sed sollicitudin augue quam in arcu. Sed pulvinar leo vitae lectus malesuada blandit. Sed convallis bibendum sem at blandit. Integer ac purus orci. Cras euismod, eros vitae dictum mollis, quam quam aliquet eros, non bibendum lectus enim a urna. Sed a scelerisque lectus, et molestie tortor. Proin sagittis, ipsum quis commodo fringilla, quam purus sollicitudin sapien, eu pellentesque enim mauris imperdiet nisi. Nulla quis massa nec nisl congue porta. Aliquam placerat, sem eget venenatis ultricies, sem odio ullamcorper nisi, ac efficitur lorem sem sit amet lacus. Vestibulum ullamcorper sapien sit amet gravida blandit. Sed enim arcu, placerat nec laoreet fermentum, pretium et dui. Nulla a sagittis justo, in consectetur mi. Fusce sollicitudin enim sit amet est suscipit posuere.</p><p>Aenean interdum nulla dignissim, lacinia arcu quis, mollis massa. Nulla facilisi. Mauris et enim elit. Aenean ut mi vehicula diam consectetur mattis eget ac purus. Quisque interdum velit vel fermentum sodales. Cras convallis, neque vel lacinia eleifend, nisl odio ultricies odio, vel tincidunt urna orci vitae ligula. Integer efficitur condimentum neque ac porttitor. Phasellus sit amet tincidunt nisl, at finibus nisi.</p>", "id": "5d2bf44a-259f-4a03-ac73-fb1603fa62fe"}]','Tech 3','Yuto','2020-01-11',1);
DELETE FROM sqlite_sequence;
INSERT INTO sqlite_sequence VALUES('django_migrations',145);
INSERT INTO sqlite_sequence VALUES('django_admin_log',0);
INSERT INTO sqlite_sequence VALUES('django_content_type',52);
INSERT INTO sqlite_sequence VALUES('auth_permission',205);
INSERT INTO sqlite_sequence VALUES('auth_user',1);
INSERT INTO sqlite_sequence VALUES('auth_group',2);
INSERT INTO sqlite_sequence VALUES('wagtailcore_site',2);
INSERT INTO sqlite_sequence VALUES('wagtailcore_collection',1);
INSERT INTO sqlite_sequence VALUES('wagtailcore_pagerevision',24);
INSERT INTO sqlite_sequence VALUES('wagtailcore_pageviewrestriction',0);
INSERT INTO sqlite_sequence VALUES('wagtailcore_grouppagepermission',6);
INSERT INTO sqlite_sequence VALUES('wagtailcore_pageviewrestriction_groups',0);
INSERT INTO sqlite_sequence VALUES('wagtailcore_page',15);
INSERT INTO sqlite_sequence VALUES('auth_group_permissions',14);
INSERT INTO sqlite_sequence VALUES('wagtailcore_groupcollectionpermission',8);
INSERT INTO sqlite_sequence VALUES('coderedcms_carouselslide',3);
INSERT INTO sqlite_sequence VALUES('coderedcms_contentwall',0);
INSERT INTO sqlite_sequence VALUES('coderedcms_footer',1);
INSERT INTO sqlite_sequence VALUES('coderedcms_reusablecontent',0);
INSERT INTO sqlite_sequence VALUES('coderedcms_generalsettings',1);
INSERT INTO sqlite_sequence VALUES('wagtaildocs_document',0);
INSERT INTO sqlite_sequence VALUES('wagtailembeds_embed',0);
INSERT INTO sqlite_sequence VALUES('wagtailforms_formsubmission',0);
INSERT INTO sqlite_sequence VALUES('wagtailredirects_redirect',0);
INSERT INTO sqlite_sequence VALUES('wagtailsearch_editorspick',0);
INSERT INTO sqlite_sequence VALUES('wagtailusers_userprofile',0);
INSERT INTO sqlite_sequence VALUES('coderedcms_analyticssettings',1);
INSERT INTO sqlite_sequence VALUES('coderedcms_seosettings',1);
INSERT INTO sqlite_sequence VALUES('coderedcms_layoutsettings',1);
INSERT INTO sqlite_sequence VALUES('coderedcms_socialmediasettings',1);
INSERT INTO sqlite_sequence VALUES('coderedcms_adasettings',1);
INSERT INTO sqlite_sequence VALUES('wagtailimages_image',10);
INSERT INTO sqlite_sequence VALUES('wagtailimages_rendition',52);
INSERT INTO sqlite_sequence VALUES('coderedcms_classifier',1);
INSERT INTO sqlite_sequence VALUES('coderedcms_classifierterm',3);
INSERT INTO sqlite_sequence VALUES('coderedcms_navbar',1);
INSERT INTO sqlite_sequence VALUES('coderedcms_carousel',1);
INSERT INTO sqlite_sequence VALUES('coderedcms_coderedpage_classifier_terms',9);
INSERT INTO sqlite_sequence VALUES('wagtailsearch_query',1);
INSERT INTO sqlite_sequence VALUES('wagtailsearch_querydailyhits',1);
CREATE UNIQUE INDEX "auth_group_permissions_group_id_permission_id_0cd325b0_uniq" ON "auth_group_permissions" ("group_id", "permission_id");
CREATE INDEX "auth_group_permissions_group_id_b120cbf9" ON "auth_group_permissions" ("group_id");
CREATE INDEX "auth_group_permissions_permission_id_84c5c92e" ON "auth_group_permissions" ("permission_id");
CREATE UNIQUE INDEX "auth_user_groups_user_id_group_id_94350c0c_uniq" ON "auth_user_groups" ("user_id", "group_id");
CREATE INDEX "auth_user_groups_user_id_6a12ed8b" ON "auth_user_groups" ("user_id");
CREATE INDEX "auth_user_groups_group_id_97559544" ON "auth_user_groups" ("group_id");
CREATE UNIQUE INDEX "auth_user_user_permissions_user_id_permission_id_14a6b632_uniq" ON "auth_user_user_permissions" ("user_id", "permission_id");
CREATE INDEX "auth_user_user_permissions_user_id_a95ead1b" ON "auth_user_user_permissions" ("user_id");
CREATE INDEX "auth_user_user_permissions_permission_id_1fbb5f2c" ON "auth_user_user_permissions" ("permission_id");
CREATE INDEX "django_admin_log_content_type_id_c4bce8eb" ON "django_admin_log" ("content_type_id");
CREATE INDEX "django_admin_log_user_id_c564eba6" ON "django_admin_log" ("user_id");
CREATE UNIQUE INDEX "django_content_type_app_label_model_76bd3d3b_uniq" ON "django_content_type" ("app_label", "model");
CREATE UNIQUE INDEX "auth_permission_content_type_id_codename_01ab375a_uniq" ON "auth_permission" ("content_type_id", "codename");
CREATE INDEX "auth_permission_content_type_id_2f476e4b" ON "auth_permission" ("content_type_id");
CREATE UNIQUE INDEX "wagtailcore_site_hostname_port_2c626d70_uniq" ON "wagtailcore_site" ("hostname", "port");
CREATE INDEX "wagtailcore_site_hostname_96b20b46" ON "wagtailcore_site" ("hostname");
CREATE INDEX "wagtailcore_site_root_page_id_e02fb95c" ON "wagtailcore_site" ("root_page_id");
CREATE UNIQUE INDEX "wagtailcore_groupcollectionpermission_group_id_collection_id_permission_id_a21cefe9_uniq" ON "wagtailcore_groupcollectionpermission" ("group_id", "collection_id", "permission_id");
CREATE INDEX "wagtailcore_groupcollectionpermission_collection_id_5423575a" ON "wagtailcore_groupcollectionpermission" ("collection_id");
CREATE INDEX "wagtailcore_groupcollectionpermission_group_id_05d61460" ON "wagtailcore_groupcollectionpermission" ("group_id");
CREATE INDEX "wagtailcore_groupcollectionpermission_permission_id_1b626275" ON "wagtailcore_groupcollectionpermission" ("permission_id");
CREATE INDEX "wagtailcore_pagerevision_submitted_for_moderation_c682e44c" ON "wagtailcore_pagerevision" ("submitted_for_moderation");
CREATE INDEX "wagtailcore_pagerevision_page_id_d421cc1d" ON "wagtailcore_pagerevision" ("page_id");
CREATE INDEX "wagtailcore_pagerevision_user_id_2409d2f4" ON "wagtailcore_pagerevision" ("user_id");
CREATE INDEX "wagtailcore_pagerevision_created_at_66954e3b" ON "wagtailcore_pagerevision" ("created_at");
CREATE INDEX "wagtailcore_pageviewrestriction_page_id_15a8bea6" ON "wagtailcore_pageviewrestriction" ("page_id");
CREATE UNIQUE INDEX "wagtailcore_grouppagepermission_group_id_page_id_permission_type_0898bdf8_uniq" ON "wagtailcore_grouppagepermission" ("group_id", "page_id", "permission_type");
CREATE INDEX "wagtailcore_grouppagepermission_group_id_fc07e671" ON "wagtailcore_grouppagepermission" ("group_id");
CREATE INDEX "wagtailcore_grouppagepermission_page_id_710b114a" ON "wagtailcore_grouppagepermission" ("page_id");
CREATE INDEX "wagtailcore_collectionviewrestriction_collection_id_761908ec" ON "wagtailcore_collectionviewrestriction" ("collection_id");
CREATE UNIQUE INDEX "wagtailcore_collectionviewrestriction_groups_collectionviewrestriction_id_group_id_988995ae_uniq" ON "wagtailcore_collectionviewrestriction_groups" ("collectionviewrestriction_id", "group_id");
CREATE INDEX "wagtailcore_collectionviewrestriction_groups_collectionviewrestriction_id_47320efd" ON "wagtailcore_collectionviewrestriction_groups" ("collectionviewrestriction_id");
CREATE INDEX "wagtailcore_collectionviewrestriction_groups_group_id_1823f2a3" ON "wagtailcore_collectionviewrestriction_groups" ("group_id");
CREATE UNIQUE INDEX "wagtailcore_pageviewrestriction_groups_pageviewrestriction_id_group_id_d23f80bb_uniq" ON "wagtailcore_pageviewrestriction_groups" ("pageviewrestriction_id", "group_id");
CREATE INDEX "wagtailcore_pageviewrestriction_groups_pageviewrestriction_id_f147a99a" ON "wagtailcore_pageviewrestriction_groups" ("pageviewrestriction_id");
CREATE INDEX "wagtailcore_pageviewrestriction_groups_group_id_6460f223" ON "wagtailcore_pageviewrestriction_groups" ("group_id");
CREATE INDEX "wagtailcore_page_slug_e7c11b8f" ON "wagtailcore_page" ("slug");
CREATE INDEX "wagtailcore_page_content_type_id_c28424df" ON "wagtailcore_page" ("content_type_id");
CREATE INDEX "wagtailcore_page_owner_id_fbf7c332" ON "wagtailcore_page" ("owner_id");
CREATE INDEX "wagtailcore_page_first_published_at_2b5dd637" ON "wagtailcore_page" ("first_published_at");
CREATE INDEX "wagtailcore_page_live_revision_id_930bd822" ON "wagtailcore_page" ("live_revision_id");
CREATE INDEX "taggit_taggeditem_object_id_e2d7d1df" ON "taggit_taggeditem" ("object_id");
CREATE INDEX "taggit_taggeditem_content_type_id_9957a03c" ON "taggit_taggeditem" ("content_type_id");
CREATE INDEX "taggit_taggeditem_tag_id_f4f5b767" ON "taggit_taggeditem" ("tag_id");
CREATE INDEX "taggit_taggeditem_content_type_id_object_id_196cc965_idx" ON "taggit_taggeditem" ("content_type_id", "object_id");
CREATE UNIQUE INDEX "wagtailimages_rendition_image_id_filter_spec_focal_point_key_323c8fe0_uniq" ON "wagtailimages_rendition" ("image_id", "filter_spec", "focal_point_key");
CREATE INDEX "wagtailimages_image_created_at_86fa6cd4" ON "wagtailimages_image" ("created_at");
CREATE INDEX "wagtailimages_image_uploaded_by_user_id_5d73dc75" ON "wagtailimages_image" ("uploaded_by_user_id");
CREATE INDEX "wagtailimages_image_collection_id_c2f8af7e" ON "wagtailimages_image" ("collection_id");
CREATE INDEX "wagtailimages_rendition_filter_spec_1cba3201" ON "wagtailimages_rendition" ("filter_spec");
CREATE INDEX "wagtailimages_rendition_image_id_3e1fd774" ON "wagtailimages_rendition" ("image_id");
CREATE INDEX "coderedcms_layoutsettings_favicon_id_bdb026a2" ON "coderedcms_layoutsettings" ("favicon_id");
CREATE INDEX "coderedcms_layoutsettings_logo_id_ef53b3c9" ON "coderedcms_layoutsettings" ("logo_id");
CREATE INDEX "coderedcms_coderedtag_content_object_id_de4d0b16" ON "coderedcms_coderedtag" ("content_object_id");
CREATE INDEX "coderedcms_coderedtag_tag_id_09a1e5a8" ON "coderedcms_coderedtag" ("tag_id");
CREATE INDEX "coderedcms_coderedpage_cover_image_id_07449f7d" ON "coderedcms_coderedpage" ("cover_image_id");
CREATE INDEX "coderedcms_coderedpage_og_image_id_ded00310" ON "coderedcms_coderedpage" ("og_image_id");
CREATE INDEX "coderedcms_coderedpage_struct_org_image_id_567d6591" ON "coderedcms_coderedpage" ("struct_org_image_id");
CREATE INDEX "coderedcms_coderedpage_struct_org_logo_id_98229fdd" ON "coderedcms_coderedpage" ("struct_org_logo_id");
CREATE INDEX "coderedcms_classifierterm_classifier_id_51b8b475" ON "coderedcms_classifierterm" ("classifier_id");
CREATE UNIQUE INDEX "coderedcms_coderedpage_classifier_terms_coderedpage_id_classifierterm_id_597f3501_uniq" ON "coderedcms_coderedpage_classifier_terms" ("coderedpage_id", "classifierterm_id");
CREATE INDEX "coderedcms_coderedpage_classifier_terms_coderedpage_id_1efe440e" ON "coderedcms_coderedpage_classifier_terms" ("coderedpage_id");
CREATE INDEX "coderedcms_coderedpage_classifier_terms_classifierterm_id_8fd78ea4" ON "coderedcms_coderedpage_classifier_terms" ("classifierterm_id");
CREATE UNIQUE INDEX "coderedcms_coderedpage_index_classifiers_coderedpage_id_classifier_id_f45b0d74_uniq" ON "coderedcms_coderedpage_index_classifiers" ("coderedpage_id", "classifier_id");
CREATE INDEX "coderedcms_coderedpage_index_classifiers_coderedpage_id_6613bd95" ON "coderedcms_coderedpage_index_classifiers" ("coderedpage_id");
CREATE INDEX "coderedcms_coderedpage_index_classifiers_classifier_id_5de8b3a9" ON "coderedcms_coderedpage_index_classifiers" ("classifier_id");
CREATE INDEX "coderedcms_coderedsubmissionrevision_submission_ct_id_c569a5cd" ON "coderedcms_coderedsubmissionrevision" ("submission_ct_id");
CREATE UNIQUE INDEX "coderedcms_coderedsessionformsubmission_page_id_session_key_48e9688c_uniq" ON "coderedcms_coderedsessionformsubmission" ("page_id", "session_key");
CREATE UNIQUE INDEX "coderedcms_coderedsessionformsubmission_page_id_user_id_da83a824_uniq" ON "coderedcms_coderedsessionformsubmission" ("page_id", "user_id");
CREATE INDEX "coderedcms_coderedsessionformsubmission_page_id_2bb969e4" ON "coderedcms_coderedsessionformsubmission" ("page_id");
CREATE INDEX "coderedcms_coderedsessionformsubmission_user_id_7ef12738" ON "coderedcms_coderedsessionformsubmission" ("user_id");
CREATE INDEX "coderedcms_carouselslide_carousel_id_baab9e33" ON "coderedcms_carouselslide" ("carousel_id");
CREATE INDEX "coderedcms_carouselslide_image_id_47e5d4bd" ON "coderedcms_carouselslide" ("image_id");
CREATE INDEX "django_session_expire_date_a5c62663" ON "django_session" ("expire_date");
CREATE UNIQUE INDEX "taggit_taggeditem_content_type_id_object_id_tag_id_4bb97a8e_uniq" ON "taggit_taggeditem" ("content_type_id", "object_id", "tag_id");
CREATE INDEX "wagtaildocs_document_uploaded_by_user_id_17258b41" ON "wagtaildocs_document" ("uploaded_by_user_id");
CREATE INDEX "wagtaildocs_document_collection_id_23881625" ON "wagtaildocs_document" ("collection_id");
CREATE UNIQUE INDEX "wagtailembeds_embed_url_max_width_8a2922d8_uniq" ON "wagtailembeds_embed" ("url", "max_width");
CREATE INDEX "wagtailforms_formsubmission_page_id_e48e93e7" ON "wagtailforms_formsubmission" ("page_id");
CREATE UNIQUE INDEX "wagtailredirects_redirect_old_path_site_id_783622d7_uniq" ON "wagtailredirects_redirect" ("old_path", "site_id");
CREATE INDEX "wagtailredirects_redirect_old_path_bb35247b" ON "wagtailredirects_redirect" ("old_path");
CREATE INDEX "wagtailredirects_redirect_redirect_page_id_b5728a8f" ON "wagtailredirects_redirect" ("redirect_page_id");
CREATE INDEX "wagtailredirects_redirect_site_id_780a0e1e" ON "wagtailredirects_redirect" ("site_id");
CREATE UNIQUE INDEX "wagtailsearch_querydailyhits_query_id_date_1dd232e6_uniq" ON "wagtailsearch_querydailyhits" ("query_id", "date");
CREATE INDEX "wagtailsearch_querydailyhits_query_id_2185994b" ON "wagtailsearch_querydailyhits" ("query_id");
CREATE INDEX "wagtailsearch_editorspick_query_id_c6eee4a0" ON "wagtailsearch_editorspick" ("query_id");
CREATE INDEX "wagtailsearch_editorspick_page_id_28cbc274" ON "wagtailsearch_editorspick" ("page_id");
CREATE INDEX "website_formpage_thank_you_page_id_281e306d" ON "website_formpage" ("thank_you_page_id");
CREATE INDEX "website_formpagefield_page_id_99eecc6a" ON "website_formpagefield" ("page_id");
CREATE INDEX "website_formconfirmemail_page_id_c2e8a567" ON "website_formconfirmemail" ("page_id");
CREATE INDEX "website_articlepage_author_id_6241cb4b" ON "website_articlepage" ("author_id");
COMMIT;
